Epoch: [0][0/413], lr: 0.00100	Time 25.983 (25.983)	Data 18.030 (18.030)	Loss 13.0997 (13.0997)	Prec@1 0.000 (0.000)	Prec@5 12.500 (12.500)
Epoch: [0][20/413], lr: 0.00100	Time 1.453 (2.628)	Data 0.000 (0.859)	Loss 0.7579 (1.6842)	Prec@1 0.000 (0.000)	Prec@5 0.000 (4.762)
Epoch: [0][40/413], lr: 0.00100	Time 1.469 (2.064)	Data 0.000 (0.441)	Loss 0.5736 (1.1875)	Prec@1 0.000 (0.915)	Prec@5 25.000 (6.707)
Epoch: [0][60/413], lr: 0.00100	Time 1.500 (1.896)	Data 0.000 (0.296)	Loss 0.6339 (1.0038)	Prec@1 0.000 (1.434)	Prec@5 0.000 (6.557)
Epoch: [0][80/413], lr: 0.00100	Time 1.500 (1.812)	Data 0.000 (0.223)	Loss 0.5626 (0.9096)	Prec@1 0.000 (1.543)	Prec@5 0.000 (5.710)
Epoch: [0][100/413], lr: 0.00100	Time 1.547 (1.766)	Data 0.000 (0.179)	Loss 0.5783 (0.8505)	Prec@1 0.000 (1.238)	Prec@5 12.500 (5.941)
Epoch: [0][120/413], lr: 0.00100	Time 1.687 (1.735)	Data 0.000 (0.150)	Loss 0.6053 (0.8096)	Prec@1 0.000 (1.653)	Prec@5 12.500 (6.405)
Epoch: [0][140/413], lr: 0.00100	Time 1.531 (1.712)	Data 0.000 (0.128)	Loss 0.5487 (0.7785)	Prec@1 12.500 (1.862)	Prec@5 25.000 (6.560)
Epoch: [0][160/413], lr: 0.00100	Time 1.594 (1.696)	Data 0.000 (0.112)	Loss 0.5489 (0.7540)	Prec@1 0.000 (1.863)	Prec@5 12.500 (6.755)
Epoch: [0][180/413], lr: 0.00100	Time 1.516 (1.682)	Data 0.000 (0.100)	Loss 0.5540 (0.7335)	Prec@1 0.000 (2.003)	Prec@5 0.000 (7.044)
Epoch: [0][200/413], lr: 0.00100	Time 1.500 (1.671)	Data 0.000 (0.090)	Loss 0.5500 (0.7173)	Prec@1 0.000 (1.866)	Prec@5 12.500 (7.338)
Epoch: [0][220/413], lr: 0.00100	Time 1.500 (1.663)	Data 0.000 (0.082)	Loss 0.5181 (0.7028)	Prec@1 12.500 (1.980)	Prec@5 12.500 (8.201)
Epoch: [0][240/413], lr: 0.00100	Time 1.562 (1.655)	Data 0.000 (0.075)	Loss 0.5889 (0.6896)	Prec@1 0.000 (2.334)	Prec@5 12.500 (8.973)
Epoch: [0][260/413], lr: 0.00100	Time 1.500 (1.649)	Data 0.000 (0.069)	Loss 0.5184 (0.6799)	Prec@1 12.500 (2.395)	Prec@5 25.000 (8.908)
Epoch: [0][280/413], lr: 0.00100	Time 1.562 (1.643)	Data 0.000 (0.064)	Loss 0.5480 (0.6709)	Prec@1 0.000 (2.402)	Prec@5 12.500 (9.030)
Epoch: [0][300/413], lr: 0.00100	Time 1.656 (1.640)	Data 0.000 (0.060)	Loss 0.5338 (0.6625)	Prec@1 0.000 (2.367)	Prec@5 0.000 (9.136)
Epoch: [0][320/413], lr: 0.00100	Time 1.578 (1.635)	Data 0.000 (0.056)	Loss 0.5748 (0.6545)	Prec@1 0.000 (2.531)	Prec@5 12.500 (9.540)
Epoch: [0][340/413], lr: 0.00100	Time 1.703 (1.632)	Data 0.000 (0.053)	Loss 0.5076 (0.6476)	Prec@1 12.500 (2.676)	Prec@5 37.500 (9.897)
Epoch: [0][360/413], lr: 0.00100	Time 1.687 (1.629)	Data 0.000 (0.050)	Loss 0.4878 (0.6406)	Prec@1 12.500 (2.770)	Prec@5 25.000 (10.457)
Epoch: [0][380/413], lr: 0.00100	Time 1.500 (1.625)	Data 0.000 (0.048)	Loss 0.4873 (0.6343)	Prec@1 12.500 (2.920)	Prec@5 25.000 (10.892)
Epoch: [0][400/413], lr: 0.00100	Time 1.531 (1.622)	Data 0.000 (0.045)	Loss 0.5838 (0.6284)	Prec@1 0.000 (3.273)	Prec@5 12.500 (11.409)
Test: [0/473]	Time 17.046 (17.046)	Loss 0.4236 (0.4236)	Prec@1 0.000 (0.000)	Prec@5 75.000 (75.000)
Test: [20/473]	Time 0.156 (0.963)	Loss 0.5729 (0.4695)	Prec@1 0.000 (5.952)	Prec@5 0.000 (39.881)
Test: [40/473]	Time 0.156 (0.571)	Loss 0.4742 (0.4613)	Prec@1 0.000 (12.805)	Prec@5 12.500 (44.817)
Test: [60/473]	Time 0.156 (0.436)	Loss 0.5619 (0.4724)	Prec@1 0.000 (8.607)	Prec@5 0.000 (35.656)
Test: [80/473]	Time 0.156 (0.367)	Loss 0.4995 (0.4914)	Prec@1 0.000 (6.481)	Prec@5 0.000 (26.852)
Test: [100/473]	Time 0.172 (0.326)	Loss 0.5560 (0.4801)	Prec@1 0.000 (9.282)	Prec@5 0.000 (29.579)
Test: [120/473]	Time 0.156 (0.299)	Loss 0.4827 (0.4711)	Prec@1 0.000 (11.364)	Prec@5 0.000 (31.818)
Test: [140/473]	Time 0.156 (0.279)	Loss 0.5146 (0.4725)	Prec@1 0.000 (9.752)	Prec@5 0.000 (31.294)
Test: [160/473]	Time 0.156 (0.264)	Loss 0.3914 (0.4676)	Prec@1 0.000 (10.404)	Prec@5 87.500 (32.531)
Test: [180/473]	Time 0.172 (0.253)	Loss 0.4431 (0.4751)	Prec@1 0.000 (9.254)	Prec@5 37.500 (29.834)
Test: [200/473]	Time 0.156 (0.244)	Loss 0.5445 (0.4732)	Prec@1 0.000 (8.396)	Prec@5 0.000 (30.286)
Test: [220/473]	Time 0.172 (0.236)	Loss 0.5212 (0.4787)	Prec@1 0.000 (7.692)	Prec@5 0.000 (27.885)
Test: [240/473]	Time 0.172 (0.230)	Loss 0.4229 (0.4816)	Prec@1 25.000 (7.158)	Prec@5 100.000 (26.712)
Test: [260/473]	Time 0.156 (0.225)	Loss 0.6823 (0.4834)	Prec@1 0.000 (6.849)	Prec@5 0.000 (26.437)
Test: [280/473]	Time 0.172 (0.220)	Loss 0.6038 (0.4857)	Prec@1 0.000 (6.450)	Prec@5 0.000 (25.489)
Test: [300/473]	Time 0.172 (0.216)	Loss 0.5405 (0.4868)	Prec@1 0.000 (6.105)	Prec@5 0.000 (25.291)
Test: [320/473]	Time 0.156 (0.213)	Loss 0.4338 (0.4887)	Prec@1 0.000 (5.724)	Prec@5 75.000 (24.377)
Test: [340/473]	Time 0.156 (0.210)	Loss 0.5894 (0.4942)	Prec@1 0.000 (5.389)	Prec@5 0.000 (23.167)
Test: [360/473]	Time 0.172 (0.208)	Loss 0.5613 (0.4910)	Prec@1 0.000 (6.337)	Prec@5 0.000 (24.688)
Test: [380/473]	Time 0.172 (0.206)	Loss 0.4945 (0.4932)	Prec@1 0.000 (6.004)	Prec@5 12.500 (23.622)
Test: [400/473]	Time 0.172 (0.204)	Loss 0.5758 (0.4924)	Prec@1 0.000 (5.704)	Prec@5 0.000 (24.096)
Test: [420/473]	Time 0.172 (0.202)	Loss 0.4550 (0.4928)	Prec@1 0.000 (5.552)	Prec@5 0.000 (24.080)
Test: [440/473]	Time 0.172 (0.200)	Loss 0.4786 (0.4943)	Prec@1 12.500 (5.329)	Prec@5 37.500 (23.073)
Test: [460/473]	Time 0.156 (0.198)	Loss 0.5435 (0.4922)	Prec@1 0.000 (6.182)	Prec@5 0.000 (23.834)
Testing Results: Prec@1 6.027 Prec@5 23.341 Loss 0.49427
Best Prec@1: 6.027

Epoch: [1][0/413], lr: 0.00100	Time 19.561 (19.561)	Data 17.780 (17.780)	Loss 0.4602 (0.4602)	Prec@1 12.500 (12.500)	Prec@5 50.000 (50.000)
Epoch: [1][20/413], lr: 0.00100	Time 1.516 (2.379)	Data 0.000 (0.847)	Loss 0.5232 (0.5058)	Prec@1 0.000 (7.143)	Prec@5 12.500 (22.024)
Epoch: [1][40/413], lr: 0.00100	Time 1.672 (2.009)	Data 0.000 (0.434)	Loss 0.4781 (0.5090)	Prec@1 12.500 (6.098)	Prec@5 37.500 (22.256)
Epoch: [1][60/413], lr: 0.00100	Time 1.578 (1.874)	Data 0.000 (0.292)	Loss 0.5171 (0.5060)	Prec@1 0.000 (6.148)	Prec@5 37.500 (23.156)
Epoch: [1][80/413], lr: 0.00100	Time 1.687 (1.801)	Data 0.000 (0.220)	Loss 0.4930 (0.5053)	Prec@1 25.000 (6.327)	Prec@5 25.000 (23.148)
Epoch: [1][100/413], lr: 0.00100	Time 1.687 (1.754)	Data 0.000 (0.176)	Loss 0.4685 (0.5060)	Prec@1 0.000 (6.312)	Prec@5 37.500 (22.525)
Epoch: [1][120/413], lr: 0.00100	Time 1.672 (1.727)	Data 0.000 (0.147)	Loss 0.4808 (0.5045)	Prec@1 25.000 (6.715)	Prec@5 37.500 (22.727)
Epoch: [1][140/413], lr: 0.00100	Time 1.500 (1.703)	Data 0.000 (0.126)	Loss 0.5196 (0.5010)	Prec@1 0.000 (7.004)	Prec@5 12.500 (22.961)
Epoch: [1][160/413], lr: 0.00100	Time 1.547 (1.685)	Data 0.000 (0.111)	Loss 0.5231 (0.4994)	Prec@1 0.000 (6.910)	Prec@5 12.500 (23.137)
Epoch: [1][180/413], lr: 0.00100	Time 1.687 (1.673)	Data 0.000 (0.098)	Loss 0.4608 (0.4971)	Prec@1 25.000 (7.320)	Prec@5 37.500 (24.171)
Epoch: [1][200/413], lr: 0.00100	Time 1.547 (1.662)	Data 0.000 (0.089)	Loss 0.4585 (0.4977)	Prec@1 25.000 (7.090)	Prec@5 37.500 (23.818)
Epoch: [1][220/413], lr: 0.00100	Time 1.484 (1.653)	Data 0.000 (0.081)	Loss 0.5031 (0.4973)	Prec@1 0.000 (6.900)	Prec@5 25.000 (23.869)
Epoch: [1][240/413], lr: 0.00100	Time 1.531 (1.647)	Data 0.000 (0.074)	Loss 0.4225 (0.4967)	Prec@1 25.000 (7.106)	Prec@5 62.500 (24.481)
Epoch: [1][260/413], lr: 0.00100	Time 1.578 (1.641)	Data 0.000 (0.068)	Loss 0.4956 (0.4951)	Prec@1 0.000 (7.184)	Prec@5 12.500 (25.048)
Epoch: [1][280/413], lr: 0.00100	Time 1.547 (1.635)	Data 0.000 (0.063)	Loss 0.5493 (0.4949)	Prec@1 0.000 (7.473)	Prec@5 12.500 (25.000)
Epoch: [1][300/413], lr: 0.00100	Time 1.609 (1.632)	Data 0.000 (0.059)	Loss 0.4720 (0.4925)	Prec@1 0.000 (7.641)	Prec@5 25.000 (25.581)
Epoch: [1][320/413], lr: 0.00100	Time 1.672 (1.628)	Data 0.000 (0.055)	Loss 0.4695 (0.4921)	Prec@1 12.500 (7.593)	Prec@5 37.500 (25.428)
Epoch: [1][340/413], lr: 0.00100	Time 1.516 (1.624)	Data 0.000 (0.052)	Loss 0.4912 (0.4905)	Prec@1 12.500 (8.028)	Prec@5 12.500 (25.916)
Epoch: [1][360/413], lr: 0.00100	Time 1.703 (1.622)	Data 0.000 (0.049)	Loss 0.4926 (0.4896)	Prec@1 25.000 (7.999)	Prec@5 37.500 (26.143)
Epoch: [1][380/413], lr: 0.00100	Time 1.703 (1.619)	Data 0.000 (0.047)	Loss 0.4499 (0.4884)	Prec@1 25.000 (8.136)	Prec@5 37.500 (26.575)
Epoch: [1][400/413], lr: 0.00100	Time 1.531 (1.617)	Data 0.000 (0.044)	Loss 0.5133 (0.4874)	Prec@1 12.500 (8.167)	Prec@5 25.000 (27.026)
Test: [0/473]	Time 16.327 (16.327)	Loss 0.3915 (0.3915)	Prec@1 25.000 (25.000)	Prec@5 75.000 (75.000)
Test: [20/473]	Time 0.172 (0.934)	Loss 0.3705 (0.4447)	Prec@1 0.000 (11.905)	Prec@5 62.500 (35.119)
Test: [40/473]	Time 0.172 (0.556)	Loss 0.2689 (0.4070)	Prec@1 62.500 (22.866)	Prec@5 100.000 (54.268)
Test: [60/473]	Time 0.156 (0.426)	Loss 0.3470 (0.3728)	Prec@1 62.500 (33.607)	Prec@5 87.500 (62.500)
Test: [80/473]	Time 0.156 (0.360)	Loss 0.3973 (0.3854)	Prec@1 0.000 (30.556)	Prec@5 87.500 (57.716)
Test: [100/473]	Time 0.156 (0.320)	Loss 0.6026 (0.3947)	Prec@1 0.000 (25.619)	Prec@5 0.000 (54.827)
Test: [120/473]	Time 0.172 (0.294)	Loss 0.3902 (0.3942)	Prec@1 12.500 (27.479)	Prec@5 62.500 (54.959)
Test: [140/473]	Time 0.141 (0.275)	Loss 0.4826 (0.3958)	Prec@1 0.000 (25.887)	Prec@5 0.000 (54.344)
Test: [160/473]	Time 0.156 (0.261)	Loss 0.4356 (0.3945)	Prec@1 0.000 (25.078)	Prec@5 37.500 (54.503)
Test: [180/473]	Time 0.172 (0.250)	Loss 0.4230 (0.4051)	Prec@1 0.000 (22.445)	Prec@5 37.500 (50.138)
Test: [200/473]	Time 0.156 (0.241)	Loss 0.4642 (0.4061)	Prec@1 25.000 (23.383)	Prec@5 25.000 (51.306)
Test: [220/473]	Time 0.156 (0.234)	Loss 0.4678 (0.4138)	Prec@1 0.000 (22.511)	Prec@5 0.000 (48.925)
Test: [240/473]	Time 0.172 (0.228)	Loss 0.4813 (0.4221)	Prec@1 0.000 (20.643)	Prec@5 25.000 (45.280)
Test: [260/473]	Time 0.156 (0.223)	Loss 0.6671 (0.4281)	Prec@1 0.000 (19.636)	Prec@5 0.000 (43.678)
Test: [280/473]	Time 0.156 (0.218)	Loss 0.3275 (0.4289)	Prec@1 50.000 (19.795)	Prec@5 100.000 (43.060)
Test: [300/473]	Time 0.172 (0.214)	Loss 0.4659 (0.4294)	Prec@1 0.000 (19.435)	Prec@5 0.000 (42.234)
Test: [320/473]	Time 0.156 (0.211)	Loss 0.3925 (0.4303)	Prec@1 0.000 (19.198)	Prec@5 87.500 (42.679)
Test: [340/473]	Time 0.172 (0.208)	Loss 0.4800 (0.4333)	Prec@1 0.000 (18.475)	Prec@5 0.000 (41.569)
Test: [360/473]	Time 0.156 (0.205)	Loss 0.4110 (0.4345)	Prec@1 0.000 (18.456)	Prec@5 12.500 (41.240)
Test: [380/473]	Time 0.156 (0.203)	Loss 0.3303 (0.4357)	Prec@1 37.500 (17.881)	Prec@5 75.000 (40.846)
Test: [400/473]	Time 0.172 (0.201)	Loss 0.4830 (0.4358)	Prec@1 0.000 (17.394)	Prec@5 25.000 (40.524)
Test: [420/473]	Time 0.156 (0.199)	Loss 0.3619 (0.4334)	Prec@1 0.000 (18.230)	Prec@5 100.000 (41.508)
Test: [440/473]	Time 0.172 (0.198)	Loss 0.3790 (0.4327)	Prec@1 50.000 (17.914)	Prec@5 87.500 (41.468)
Test: [460/473]	Time 0.141 (0.196)	Loss 0.5297 (0.4331)	Prec@1 0.000 (18.004)	Prec@5 0.000 (41.920)
Testing Results: Prec@1 17.552 Prec@5 40.867 Loss 0.43611
Best Prec@1: 17.552

Epoch: [2][0/413], lr: 0.00100	Time 18.483 (18.483)	Data 16.968 (16.968)	Loss 0.5074 (0.5074)	Prec@1 0.000 (0.000)	Prec@5 0.000 (0.000)
Epoch: [2][20/413], lr: 0.00100	Time 1.641 (2.318)	Data 0.000 (0.809)	Loss 0.4578 (0.4732)	Prec@1 12.500 (10.714)	Prec@5 12.500 (28.571)
Epoch: [2][40/413], lr: 0.00100	Time 1.516 (1.971)	Data 0.000 (0.414)	Loss 0.4552 (0.4575)	Prec@1 25.000 (11.585)	Prec@5 50.000 (35.366)
Epoch: [2][60/413], lr: 0.00100	Time 1.500 (1.845)	Data 0.000 (0.278)	Loss 0.4558 (0.4573)	Prec@1 0.000 (11.885)	Prec@5 12.500 (35.656)
Epoch: [2][80/413], lr: 0.00100	Time 1.656 (1.783)	Data 0.000 (0.210)	Loss 0.4363 (0.4579)	Prec@1 0.000 (11.574)	Prec@5 37.500 (34.259)
Epoch: [2][100/413], lr: 0.00100	Time 1.516 (1.743)	Data 0.000 (0.168)	Loss 0.4804 (0.4565)	Prec@1 25.000 (11.757)	Prec@5 37.500 (34.406)
Epoch: [2][120/413], lr: 0.00100	Time 1.500 (1.716)	Data 0.000 (0.140)	Loss 0.3961 (0.4552)	Prec@1 25.000 (12.087)	Prec@5 62.500 (35.331)
Epoch: [2][140/413], lr: 0.00100	Time 1.500 (1.697)	Data 0.000 (0.120)	Loss 0.4166 (0.4537)	Prec@1 12.500 (12.500)	Prec@5 37.500 (35.816)
Epoch: [2][160/413], lr: 0.00100	Time 1.687 (1.683)	Data 0.000 (0.105)	Loss 0.4513 (0.4529)	Prec@1 0.000 (12.888)	Prec@5 25.000 (36.413)
Epoch: [2][180/413], lr: 0.00100	Time 1.609 (1.672)	Data 0.000 (0.094)	Loss 0.4351 (0.4522)	Prec@1 25.000 (13.398)	Prec@5 37.500 (36.809)
Epoch: [2][200/413], lr: 0.00100	Time 1.500 (1.662)	Data 0.000 (0.084)	Loss 0.4054 (0.4520)	Prec@1 12.500 (13.557)	Prec@5 50.000 (36.816)
Epoch: [2][220/413], lr: 0.00100	Time 1.516 (1.654)	Data 0.000 (0.077)	Loss 0.4435 (0.4508)	Prec@1 12.500 (13.801)	Prec@5 50.000 (37.161)
Epoch: [2][240/413], lr: 0.00100	Time 1.516 (1.647)	Data 0.000 (0.070)	Loss 0.4676 (0.4503)	Prec@1 12.500 (13.900)	Prec@5 37.500 (37.500)
Epoch: [2][260/413], lr: 0.00100	Time 1.500 (1.643)	Data 0.000 (0.065)	Loss 0.4613 (0.4489)	Prec@1 0.000 (13.937)	Prec@5 37.500 (37.787)
Epoch: [2][280/413], lr: 0.00100	Time 1.578 (1.638)	Data 0.000 (0.060)	Loss 0.4057 (0.4488)	Prec@1 25.000 (14.235)	Prec@5 62.500 (38.078)
Epoch: [2][300/413], lr: 0.00100	Time 1.484 (1.634)	Data 0.000 (0.056)	Loss 0.3642 (0.4477)	Prec@1 12.500 (14.659)	Prec@5 62.500 (38.331)
Epoch: [2][320/413], lr: 0.00100	Time 1.484 (1.631)	Data 0.000 (0.053)	Loss 0.3997 (0.4467)	Prec@1 25.000 (14.486)	Prec@5 50.000 (38.824)
Epoch: [2][340/413], lr: 0.00100	Time 1.578 (1.627)	Data 0.000 (0.050)	Loss 0.3981 (0.4464)	Prec@1 12.500 (14.589)	Prec@5 75.000 (38.966)
Epoch: [2][360/413], lr: 0.00100	Time 1.672 (1.625)	Data 0.000 (0.047)	Loss 0.3655 (0.4458)	Prec@1 25.000 (14.785)	Prec@5 87.500 (39.231)
Epoch: [2][380/413], lr: 0.00100	Time 1.687 (1.622)	Data 0.000 (0.045)	Loss 0.3590 (0.4447)	Prec@1 37.500 (15.125)	Prec@5 75.000 (39.895)
Epoch: [2][400/413], lr: 0.00100	Time 1.531 (1.620)	Data 0.000 (0.042)	Loss 0.5002 (0.4442)	Prec@1 0.000 (15.243)	Prec@5 25.000 (39.931)
Test: [0/473]	Time 16.780 (16.780)	Loss 0.2339 (0.2339)	Prec@1 100.000 (100.000)	Prec@5 100.000 (100.000)
Test: [20/473]	Time 0.156 (0.954)	Loss 0.4178 (0.4027)	Prec@1 0.000 (26.786)	Prec@5 50.000 (47.024)
Test: [40/473]	Time 0.156 (0.567)	Loss 0.2404 (0.3903)	Prec@1 87.500 (31.707)	Prec@5 100.000 (51.524)
Test: [60/473]	Time 0.156 (0.433)	Loss 0.3274 (0.3553)	Prec@1 12.500 (35.041)	Prec@5 87.500 (62.910)
Test: [80/473]	Time 0.156 (0.366)	Loss 0.2880 (0.3784)	Prec@1 50.000 (31.636)	Prec@5 100.000 (59.722)
Test: [100/473]	Time 0.156 (0.325)	Loss 0.4345 (0.3748)	Prec@1 0.000 (31.436)	Prec@5 50.000 (62.005)
Test: [120/473]	Time 0.156 (0.298)	Loss 0.2257 (0.3697)	Prec@1 87.500 (32.335)	Prec@5 100.000 (63.430)
Test: [140/473]	Time 0.156 (0.278)	Loss 0.4014 (0.3661)	Prec@1 12.500 (32.447)	Prec@5 62.500 (65.514)
Test: [160/473]	Time 0.172 (0.263)	Loss 0.4915 (0.3578)	Prec@1 0.000 (34.006)	Prec@5 0.000 (67.158)
Test: [180/473]	Time 0.156 (0.252)	Loss 0.4791 (0.3697)	Prec@1 0.000 (31.215)	Prec@5 0.000 (62.293)
Test: [200/473]	Time 0.172 (0.243)	Loss 0.5634 (0.3744)	Prec@1 0.000 (29.167)	Prec@5 0.000 (60.323)
Test: [220/473]	Time 0.156 (0.236)	Loss 0.3477 (0.3769)	Prec@1 50.000 (29.581)	Prec@5 100.000 (60.011)
Test: [240/473]	Time 0.156 (0.229)	Loss 0.2942 (0.3803)	Prec@1 75.000 (28.579)	Prec@5 100.000 (58.402)
Test: [260/473]	Time 0.156 (0.224)	Loss 0.5541 (0.3840)	Prec@1 0.000 (28.161)	Prec@5 12.500 (57.184)
Test: [280/473]	Time 0.156 (0.220)	Loss 0.4105 (0.3862)	Prec@1 0.000 (26.646)	Prec@5 37.500 (56.361)
Test: [300/473]	Time 0.156 (0.216)	Loss 0.3705 (0.3865)	Prec@1 0.000 (26.080)	Prec@5 75.000 (56.146)
Test: [320/473]	Time 0.156 (0.212)	Loss 0.3174 (0.3878)	Prec@1 50.000 (26.674)	Prec@5 100.000 (55.607)
Test: [340/473]	Time 0.156 (0.209)	Loss 0.3386 (0.3912)	Prec@1 12.500 (25.953)	Prec@5 100.000 (54.326)
Test: [360/473]	Time 0.156 (0.207)	Loss 0.3387 (0.3886)	Prec@1 0.000 (26.731)	Prec@5 100.000 (54.917)
Test: [380/473]	Time 0.156 (0.204)	Loss 0.3395 (0.3887)	Prec@1 25.000 (26.509)	Prec@5 87.500 (55.446)
Test: [400/473]	Time 0.156 (0.202)	Loss 0.4663 (0.3896)	Prec@1 12.500 (25.655)	Prec@5 37.500 (55.237)
Test: [420/473]	Time 0.156 (0.200)	Loss 0.4614 (0.3877)	Prec@1 0.000 (26.603)	Prec@5 0.000 (55.998)
Test: [440/473]	Time 0.172 (0.199)	Loss 0.3638 (0.3880)	Prec@1 0.000 (26.984)	Prec@5 100.000 (55.981)
Test: [460/473]	Time 0.156 (0.197)	Loss 0.4982 (0.3904)	Prec@1 0.000 (26.410)	Prec@5 50.000 (55.721)
Testing Results: Prec@1 25.958 Prec@5 54.930 Loss 0.39242
Best Prec@1: 25.958

Epoch: [3][0/413], lr: 0.00100	Time 18.967 (18.967)	Data 17.452 (17.452)	Loss 0.4267 (0.4267)	Prec@1 12.500 (12.500)	Prec@5 25.000 (25.000)
Epoch: [3][20/413], lr: 0.00100	Time 1.687 (2.331)	Data 0.000 (0.831)	Loss 0.3964 (0.4134)	Prec@1 25.000 (14.881)	Prec@5 50.000 (48.214)
Epoch: [3][40/413], lr: 0.00100	Time 1.484 (1.971)	Data 0.000 (0.426)	Loss 0.4009 (0.4113)	Prec@1 25.000 (16.463)	Prec@5 62.500 (50.000)
Epoch: [3][60/413], lr: 0.00100	Time 1.641 (1.854)	Data 0.000 (0.286)	Loss 0.4147 (0.4169)	Prec@1 0.000 (15.779)	Prec@5 50.000 (47.336)
Epoch: [3][80/413], lr: 0.00100	Time 1.531 (1.788)	Data 0.000 (0.216)	Loss 0.4323 (0.4179)	Prec@1 25.000 (16.975)	Prec@5 50.000 (47.068)
Epoch: [3][100/413], lr: 0.00100	Time 1.500 (1.751)	Data 0.000 (0.173)	Loss 0.4123 (0.4171)	Prec@1 12.500 (17.450)	Prec@5 25.000 (46.782)
Epoch: [3][120/413], lr: 0.00100	Time 1.500 (1.723)	Data 0.000 (0.144)	Loss 0.3900 (0.4202)	Prec@1 37.500 (17.459)	Prec@5 37.500 (45.971)
Epoch: [3][140/413], lr: 0.00100	Time 1.687 (1.704)	Data 0.000 (0.124)	Loss 0.4499 (0.4219)	Prec@1 25.000 (17.199)	Prec@5 37.500 (44.592)
Epoch: [3][160/413], lr: 0.00100	Time 1.500 (1.687)	Data 0.000 (0.109)	Loss 0.4275 (0.4214)	Prec@1 25.000 (17.314)	Prec@5 50.000 (44.876)
Epoch: [3][180/413], lr: 0.00100	Time 1.500 (1.675)	Data 0.000 (0.097)	Loss 0.3832 (0.4211)	Prec@1 37.500 (17.196)	Prec@5 50.000 (45.304)
Epoch: [3][200/413], lr: 0.00100	Time 1.547 (1.667)	Data 0.000 (0.087)	Loss 0.4252 (0.4201)	Prec@1 12.500 (17.724)	Prec@5 50.000 (45.647)
Epoch: [3][220/413], lr: 0.00100	Time 1.531 (1.657)	Data 0.000 (0.079)	Loss 0.3840 (0.4188)	Prec@1 25.000 (17.704)	Prec@5 62.500 (46.097)
Epoch: [3][240/413], lr: 0.00100	Time 1.500 (1.650)	Data 0.000 (0.073)	Loss 0.4360 (0.4178)	Prec@1 12.500 (17.739)	Prec@5 25.000 (46.214)
Epoch: [3][260/413], lr: 0.00100	Time 1.500 (1.645)	Data 0.000 (0.067)	Loss 0.4804 (0.4175)	Prec@1 25.000 (18.008)	Prec@5 37.500 (46.216)
Epoch: [3][280/413], lr: 0.00100	Time 1.500 (1.640)	Data 0.000 (0.062)	Loss 0.4853 (0.4168)	Prec@1 0.000 (18.327)	Prec@5 25.000 (46.619)
Epoch: [3][300/413], lr: 0.00100	Time 1.719 (1.636)	Data 0.000 (0.058)	Loss 0.3622 (0.4164)	Prec@1 25.000 (18.355)	Prec@5 75.000 (46.761)
Epoch: [3][320/413], lr: 0.00100	Time 1.656 (1.631)	Data 0.000 (0.055)	Loss 0.4628 (0.4157)	Prec@1 12.500 (18.653)	Prec@5 50.000 (47.118)
Epoch: [3][340/413], lr: 0.00100	Time 1.500 (1.628)	Data 0.000 (0.051)	Loss 0.4199 (0.4158)	Prec@1 12.500 (18.438)	Prec@5 50.000 (47.031)
Epoch: [3][360/413], lr: 0.00100	Time 1.703 (1.625)	Data 0.000 (0.048)	Loss 0.3797 (0.4146)	Prec@1 12.500 (18.421)	Prec@5 62.500 (47.542)
Epoch: [3][380/413], lr: 0.00100	Time 1.562 (1.622)	Data 0.000 (0.046)	Loss 0.4542 (0.4137)	Prec@1 12.500 (18.766)	Prec@5 25.000 (47.769)
Epoch: [3][400/413], lr: 0.00100	Time 1.484 (1.619)	Data 0.000 (0.044)	Loss 0.4326 (0.4134)	Prec@1 37.500 (18.953)	Prec@5 50.000 (47.818)
Test: [0/473]	Time 16.358 (16.358)	Loss 0.3575 (0.3575)	Prec@1 12.500 (12.500)	Prec@5 75.000 (75.000)
Test: [20/473]	Time 0.187 (0.934)	Loss 0.3451 (0.3537)	Prec@1 0.000 (29.167)	Prec@5 75.000 (69.048)
Test: [40/473]	Time 0.172 (0.557)	Loss 0.1862 (0.3461)	Prec@1 100.000 (36.585)	Prec@5 100.000 (71.341)
Test: [60/473]	Time 0.156 (0.426)	Loss 0.3265 (0.3347)	Prec@1 12.500 (38.320)	Prec@5 100.000 (70.902)
Test: [80/473]	Time 0.172 (0.360)	Loss 0.2695 (0.3454)	Prec@1 87.500 (35.802)	Prec@5 100.000 (67.747)
Test: [100/473]	Time 0.172 (0.321)	Loss 0.4430 (0.3411)	Prec@1 0.000 (35.272)	Prec@5 50.000 (69.183)
Test: [120/473]	Time 0.156 (0.294)	Loss 0.1511 (0.3344)	Prec@1 100.000 (37.293)	Prec@5 100.000 (69.835)
Test: [140/473]	Time 0.172 (0.275)	Loss 0.2457 (0.3301)	Prec@1 62.500 (37.145)	Prec@5 100.000 (70.745)
Test: [160/473]	Time 0.156 (0.260)	Loss 0.3781 (0.3222)	Prec@1 12.500 (39.596)	Prec@5 75.000 (72.826)
Test: [180/473]	Time 0.156 (0.249)	Loss 0.4393 (0.3344)	Prec@1 0.000 (37.500)	Prec@5 12.500 (69.061)
Test: [200/473]	Time 0.156 (0.240)	Loss 0.5785 (0.3373)	Prec@1 0.000 (37.065)	Prec@5 0.000 (68.968)
Test: [220/473]	Time 0.156 (0.233)	Loss 0.4967 (0.3407)	Prec@1 0.000 (36.425)	Prec@5 0.000 (67.308)
Test: [240/473]	Time 0.156 (0.227)	Loss 0.3453 (0.3444)	Prec@1 37.500 (34.907)	Prec@5 62.500 (66.857)
Test: [260/473]	Time 0.156 (0.222)	Loss 0.6800 (0.3494)	Prec@1 0.000 (33.621)	Prec@5 0.000 (65.086)
Test: [280/473]	Time 0.156 (0.218)	Loss 0.4772 (0.3488)	Prec@1 0.000 (34.297)	Prec@5 37.500 (65.970)
Test: [300/473]	Time 0.172 (0.214)	Loss 0.3882 (0.3548)	Prec@1 0.000 (32.517)	Prec@5 75.000 (64.078)
Test: [320/473]	Time 0.172 (0.211)	Loss 0.3896 (0.3568)	Prec@1 0.000 (31.931)	Prec@5 50.000 (63.863)
Test: [340/473]	Time 0.172 (0.208)	Loss 0.4251 (0.3587)	Prec@1 0.000 (31.488)	Prec@5 50.000 (63.233)
Test: [360/473]	Time 0.156 (0.205)	Loss 0.3490 (0.3583)	Prec@1 12.500 (31.475)	Prec@5 100.000 (63.435)
Test: [380/473]	Time 0.156 (0.203)	Loss 0.2846 (0.3594)	Prec@1 37.500 (31.496)	Prec@5 87.500 (62.992)
Test: [400/473]	Time 0.156 (0.201)	Loss 0.3852 (0.3558)	Prec@1 0.000 (31.889)	Prec@5 62.500 (63.872)
Test: [420/473]	Time 0.172 (0.199)	Loss 0.2978 (0.3532)	Prec@1 25.000 (32.809)	Prec@5 100.000 (64.519)
Test: [440/473]	Time 0.156 (0.197)	Loss 0.3225 (0.3544)	Prec@1 37.500 (31.916)	Prec@5 75.000 (64.541)
Test: [460/473]	Time 0.156 (0.195)	Loss 0.3476 (0.3553)	Prec@1 50.000 (32.131)	Prec@5 100.000 (64.127)
Testing Results: Prec@1 31.906 Prec@5 64.023 Loss 0.35593
Best Prec@1: 31.906

Epoch: [4][0/413], lr: 0.00100	Time 19.217 (19.217)	Data 17.718 (17.718)	Loss 0.2844 (0.2844)	Prec@1 50.000 (50.000)	Prec@5 87.500 (87.500)
Epoch: [4][20/413], lr: 0.00100	Time 1.656 (2.343)	Data 0.000 (0.844)	Loss 0.3454 (0.3735)	Prec@1 12.500 (25.000)	Prec@5 62.500 (55.357)
Epoch: [4][40/413], lr: 0.00100	Time 1.531 (1.965)	Data 0.000 (0.433)	Loss 0.3876 (0.3809)	Prec@1 37.500 (25.305)	Prec@5 37.500 (55.183)
Epoch: [4][60/413], lr: 0.00100	Time 1.515 (1.837)	Data 0.000 (0.291)	Loss 0.3953 (0.3857)	Prec@1 12.500 (24.590)	Prec@5 25.000 (54.098)
Epoch: [4][80/413], lr: 0.00100	Time 1.484 (1.776)	Data 0.000 (0.219)	Loss 0.4226 (0.3829)	Prec@1 12.500 (25.154)	Prec@5 50.000 (54.475)
Epoch: [4][100/413], lr: 0.00100	Time 1.485 (1.734)	Data 0.000 (0.176)	Loss 0.4514 (0.3864)	Prec@1 0.000 (24.134)	Prec@5 12.500 (52.970)
Epoch: [4][120/413], lr: 0.00100	Time 1.547 (1.708)	Data 0.000 (0.147)	Loss 0.4687 (0.3894)	Prec@1 0.000 (24.174)	Prec@5 50.000 (52.789)
Epoch: [4][140/413], lr: 0.00100	Time 1.500 (1.688)	Data 0.000 (0.126)	Loss 0.3977 (0.3918)	Prec@1 25.000 (23.582)	Prec@5 50.000 (52.482)
Epoch: [4][160/413], lr: 0.00100	Time 1.578 (1.674)	Data 0.000 (0.110)	Loss 0.3351 (0.3911)	Prec@1 50.000 (23.913)	Prec@5 62.500 (52.795)
Epoch: [4][180/413], lr: 0.00100	Time 1.531 (1.662)	Data 0.000 (0.098)	Loss 0.3134 (0.3913)	Prec@1 37.500 (23.826)	Prec@5 75.000 (53.039)
Epoch: [4][200/413], lr: 0.00100	Time 1.516 (1.653)	Data 0.000 (0.088)	Loss 0.4196 (0.3908)	Prec@1 25.000 (24.067)	Prec@5 62.500 (53.545)
Epoch: [4][220/413], lr: 0.00100	Time 1.641 (1.646)	Data 0.000 (0.080)	Loss 0.3270 (0.3898)	Prec@1 25.000 (24.038)	Prec@5 62.500 (53.620)
Epoch: [4][240/413], lr: 0.00100	Time 1.531 (1.641)	Data 0.000 (0.074)	Loss 0.3865 (0.3895)	Prec@1 25.000 (23.963)	Prec@5 75.000 (53.994)
Epoch: [4][260/413], lr: 0.00100	Time 1.703 (1.636)	Data 0.000 (0.068)	Loss 0.3582 (0.3903)	Prec@1 50.000 (23.994)	Prec@5 75.000 (53.592)
Epoch: [4][280/413], lr: 0.00100	Time 1.562 (1.632)	Data 0.000 (0.063)	Loss 0.3625 (0.3897)	Prec@1 25.000 (23.977)	Prec@5 75.000 (53.915)
Epoch: [4][300/413], lr: 0.00100	Time 1.609 (1.629)	Data 0.000 (0.059)	Loss 0.3480 (0.3887)	Prec@1 50.000 (24.336)	Prec@5 62.500 (54.277)
Epoch: [4][320/413], lr: 0.00100	Time 1.547 (1.625)	Data 0.000 (0.055)	Loss 0.3107 (0.3885)	Prec@1 50.000 (24.338)	Prec@5 62.500 (54.517)
Epoch: [4][340/413], lr: 0.00100	Time 1.484 (1.621)	Data 0.000 (0.052)	Loss 0.4203 (0.3875)	Prec@1 0.000 (24.377)	Prec@5 50.000 (55.095)
Epoch: [4][360/413], lr: 0.00100	Time 1.656 (1.619)	Data 0.000 (0.049)	Loss 0.3662 (0.3854)	Prec@1 25.000 (24.931)	Prec@5 62.500 (55.713)
Epoch: [4][380/413], lr: 0.00100	Time 1.562 (1.617)	Data 0.000 (0.047)	Loss 0.3894 (0.3851)	Prec@1 25.000 (24.869)	Prec@5 75.000 (55.709)
Epoch: [4][400/413], lr: 0.00100	Time 1.547 (1.614)	Data 0.000 (0.044)	Loss 0.3298 (0.3851)	Prec@1 37.500 (25.000)	Prec@5 62.500 (55.798)
Test: [0/473]	Time 17.171 (17.171)	Loss 0.3109 (0.3109)	Prec@1 50.000 (50.000)	Prec@5 75.000 (75.000)
Test: [20/473]	Time 0.172 (0.973)	Loss 0.1936 (0.3353)	Prec@1 62.500 (38.095)	Prec@5 100.000 (66.667)
Test: [40/473]	Time 0.172 (0.577)	Loss 0.1848 (0.3010)	Prec@1 75.000 (50.000)	Prec@5 100.000 (73.780)
Test: [60/473]	Time 0.156 (0.440)	Loss 0.2686 (0.2816)	Prec@1 75.000 (53.279)	Prec@5 100.000 (77.254)
Test: [80/473]	Time 0.156 (0.371)	Loss 0.4240 (0.3028)	Prec@1 0.000 (46.296)	Prec@5 12.500 (71.296)
Test: [100/473]	Time 0.172 (0.329)	Loss 0.4021 (0.3096)	Prec@1 25.000 (42.574)	Prec@5 62.500 (70.050)
Test: [120/473]	Time 0.156 (0.301)	Loss 0.2172 (0.3053)	Prec@1 37.500 (43.802)	Prec@5 100.000 (72.004)
Test: [140/473]	Time 0.156 (0.281)	Loss 0.2558 (0.3003)	Prec@1 75.000 (46.809)	Prec@5 87.500 (73.227)
Test: [160/473]	Time 0.172 (0.266)	Loss 0.4162 (0.2952)	Prec@1 0.000 (47.981)	Prec@5 50.000 (75.311)
Test: [180/473]	Time 0.156 (0.255)	Loss 0.4405 (0.3084)	Prec@1 0.000 (44.613)	Prec@5 25.000 (71.754)
Test: [200/473]	Time 0.156 (0.245)	Loss 0.3672 (0.3120)	Prec@1 25.000 (42.164)	Prec@5 50.000 (71.953)
Test: [220/473]	Time 0.172 (0.238)	Loss 0.3883 (0.3158)	Prec@1 12.500 (41.572)	Prec@5 75.000 (71.946)
Test: [240/473]	Time 0.172 (0.231)	Loss 0.3806 (0.3219)	Prec@1 0.000 (39.004)	Prec@5 50.000 (70.851)
Test: [260/473]	Time 0.156 (0.226)	Loss 0.7384 (0.3283)	Prec@1 0.000 (37.644)	Prec@5 0.000 (69.444)
Test: [280/473]	Time 0.156 (0.221)	Loss 0.4617 (0.3345)	Prec@1 12.500 (35.632)	Prec@5 50.000 (68.194)
Test: [300/473]	Time 0.172 (0.217)	Loss 0.3023 (0.3352)	Prec@1 75.000 (35.922)	Prec@5 75.000 (68.231)
Test: [320/473]	Time 0.156 (0.214)	Loss 0.1867 (0.3378)	Prec@1 87.500 (35.748)	Prec@5 100.000 (67.562)
Test: [340/473]	Time 0.172 (0.211)	Loss 0.3049 (0.3388)	Prec@1 37.500 (35.191)	Prec@5 100.000 (67.742)
Test: [360/473]	Time 0.156 (0.208)	Loss 0.1994 (0.3346)	Prec@1 87.500 (36.600)	Prec@5 100.000 (68.802)
Test: [380/473]	Time 0.172 (0.206)	Loss 0.2963 (0.3364)	Prec@1 62.500 (36.155)	Prec@5 75.000 (67.946)
Test: [400/473]	Time 0.172 (0.203)	Loss 0.4467 (0.3366)	Prec@1 0.000 (36.035)	Prec@5 25.000 (67.830)
Test: [420/473]	Time 0.156 (0.201)	Loss 0.2158 (0.3344)	Prec@1 50.000 (36.431)	Prec@5 100.000 (68.646)
Test: [440/473]	Time 0.156 (0.200)	Loss 0.2886 (0.3355)	Prec@1 37.500 (35.941)	Prec@5 100.000 (68.736)
Test: [460/473]	Time 0.156 (0.198)	Loss 0.2926 (0.3367)	Prec@1 50.000 (35.466)	Prec@5 100.000 (69.089)
Testing Results: Prec@1 35.527 Prec@5 68.676 Loss 0.33753
Best Prec@1: 35.527

Epoch: [5][0/413], lr: 0.00100	Time 19.389 (19.389)	Data 17.858 (17.858)	Loss 0.3428 (0.3428)	Prec@1 25.000 (25.000)	Prec@5 62.500 (62.500)
Epoch: [5][20/413], lr: 0.00100	Time 1.500 (2.344)	Data 0.000 (0.850)	Loss 0.4096 (0.3755)	Prec@1 12.500 (20.833)	Prec@5 50.000 (64.881)
Epoch: [5][40/413], lr: 0.00100	Time 1.578 (1.980)	Data 0.000 (0.436)	Loss 0.4251 (0.3702)	Prec@1 25.000 (26.220)	Prec@5 37.500 (64.024)
Epoch: [5][60/413], lr: 0.00100	Time 1.562 (1.857)	Data 0.000 (0.293)	Loss 0.3659 (0.3696)	Prec@1 50.000 (27.664)	Prec@5 62.500 (61.066)
Epoch: [5][80/413], lr: 0.00100	Time 1.703 (1.791)	Data 0.000 (0.220)	Loss 0.3458 (0.3675)	Prec@1 25.000 (28.395)	Prec@5 50.000 (60.957)
Epoch: [5][100/413], lr: 0.00100	Time 1.625 (1.751)	Data 0.000 (0.177)	Loss 0.2823 (0.3665)	Prec@1 37.500 (28.094)	Prec@5 87.500 (61.015)
Epoch: [5][120/413], lr: 0.00100	Time 1.531 (1.721)	Data 0.000 (0.148)	Loss 0.3904 (0.3663)	Prec@1 12.500 (28.202)	Prec@5 50.000 (61.777)
Epoch: [5][140/413], lr: 0.00100	Time 1.687 (1.702)	Data 0.000 (0.127)	Loss 0.4723 (0.3674)	Prec@1 12.500 (28.635)	Prec@5 37.500 (61.259)
Epoch: [5][160/413], lr: 0.00100	Time 1.594 (1.688)	Data 0.000 (0.111)	Loss 0.3609 (0.3680)	Prec@1 50.000 (28.960)	Prec@5 62.500 (61.180)
Epoch: [5][180/413], lr: 0.00100	Time 1.500 (1.675)	Data 0.000 (0.099)	Loss 0.3580 (0.3683)	Prec@1 37.500 (28.798)	Prec@5 50.000 (60.773)
Epoch: [5][200/413], lr: 0.00100	Time 1.500 (1.664)	Data 0.000 (0.089)	Loss 0.3946 (0.3689)	Prec@1 25.000 (28.607)	Prec@5 50.000 (60.572)
Epoch: [5][220/413], lr: 0.00100	Time 1.531 (1.657)	Data 0.000 (0.081)	Loss 0.3222 (0.3680)	Prec@1 25.000 (28.563)	Prec@5 75.000 (60.747)
Epoch: [5][240/413], lr: 0.00100	Time 1.562 (1.649)	Data 0.000 (0.074)	Loss 0.4406 (0.3677)	Prec@1 12.500 (28.786)	Prec@5 37.500 (60.581)
Epoch: [5][260/413], lr: 0.00100	Time 1.672 (1.644)	Data 0.000 (0.068)	Loss 0.3203 (0.3652)	Prec@1 50.000 (29.119)	Prec@5 75.000 (61.351)
Epoch: [5][280/413], lr: 0.00100	Time 1.547 (1.638)	Data 0.000 (0.064)	Loss 0.4119 (0.3648)	Prec@1 12.500 (29.493)	Prec@5 50.000 (61.477)
Epoch: [5][300/413], lr: 0.00100	Time 1.656 (1.635)	Data 0.000 (0.059)	Loss 0.2595 (0.3638)	Prec@1 62.500 (29.651)	Prec@5 100.000 (61.877)
Epoch: [5][320/413], lr: 0.00100	Time 1.609 (1.631)	Data 0.000 (0.056)	Loss 0.3325 (0.3634)	Prec@1 50.000 (29.712)	Prec@5 75.000 (61.955)
Epoch: [5][340/413], lr: 0.00100	Time 1.562 (1.628)	Data 0.000 (0.052)	Loss 0.3575 (0.3639)	Prec@1 12.500 (29.545)	Prec@5 50.000 (61.840)
Epoch: [5][360/413], lr: 0.00100	Time 1.516 (1.625)	Data 0.000 (0.050)	Loss 0.4310 (0.3641)	Prec@1 12.500 (29.501)	Prec@5 25.000 (61.946)
Epoch: [5][380/413], lr: 0.00100	Time 1.641 (1.622)	Data 0.000 (0.047)	Loss 0.4082 (0.3643)	Prec@1 25.000 (29.462)	Prec@5 87.500 (61.942)
Epoch: [5][400/413], lr: 0.00100	Time 1.641 (1.620)	Data 0.000 (0.045)	Loss 0.3886 (0.3638)	Prec@1 37.500 (29.707)	Prec@5 50.000 (62.095)
Test: [0/473]	Time 16.952 (16.952)	Loss 0.3773 (0.3773)	Prec@1 12.500 (12.500)	Prec@5 62.500 (62.500)
Test: [20/473]	Time 0.156 (0.961)	Loss 0.4403 (0.3433)	Prec@1 0.000 (29.167)	Prec@5 37.500 (72.619)
Test: [40/473]	Time 0.156 (0.570)	Loss 0.1941 (0.3188)	Prec@1 75.000 (37.195)	Prec@5 100.000 (75.000)
Test: [60/473]	Time 0.156 (0.436)	Loss 0.2919 (0.3079)	Prec@1 50.000 (40.574)	Prec@5 87.500 (75.000)
Test: [80/473]	Time 0.156 (0.368)	Loss 0.3078 (0.3020)	Prec@1 0.000 (39.352)	Prec@5 100.000 (77.623)
Test: [100/473]	Time 0.156 (0.326)	Loss 0.3592 (0.3036)	Prec@1 50.000 (37.748)	Prec@5 87.500 (77.723)
Test: [120/473]	Time 0.156 (0.299)	Loss 0.0830 (0.2975)	Prec@1 100.000 (41.219)	Prec@5 100.000 (78.719)
Test: [140/473]	Time 0.172 (0.279)	Loss 0.2735 (0.2889)	Prec@1 75.000 (44.770)	Prec@5 87.500 (80.053)
Test: [160/473]	Time 0.172 (0.265)	Loss 0.3114 (0.2838)	Prec@1 50.000 (46.661)	Prec@5 100.000 (81.444)
Test: [180/473]	Time 0.172 (0.253)	Loss 0.4591 (0.2919)	Prec@1 0.000 (45.166)	Prec@5 25.000 (79.696)
Test: [200/473]	Time 0.172 (0.244)	Loss 0.4118 (0.3044)	Prec@1 0.000 (41.978)	Prec@5 37.500 (76.990)
Test: [220/473]	Time 0.156 (0.237)	Loss 0.3573 (0.3046)	Prec@1 12.500 (42.590)	Prec@5 87.500 (77.658)
Test: [240/473]	Time 0.156 (0.230)	Loss 0.4766 (0.3112)	Prec@1 0.000 (40.508)	Prec@5 37.500 (76.556)
Test: [260/473]	Time 0.156 (0.225)	Loss 0.4947 (0.3139)	Prec@1 0.000 (39.511)	Prec@5 12.500 (76.245)
Test: [280/473]	Time 0.156 (0.220)	Loss 0.2974 (0.3188)	Prec@1 75.000 (37.811)	Prec@5 100.000 (75.712)
Test: [300/473]	Time 0.156 (0.216)	Loss 0.2516 (0.3143)	Prec@1 75.000 (40.407)	Prec@5 75.000 (77.243)
Test: [320/473]	Time 0.156 (0.213)	Loss 0.1910 (0.3160)	Prec@1 87.500 (39.798)	Prec@5 100.000 (77.064)
Test: [340/473]	Time 0.156 (0.210)	Loss 0.2125 (0.3201)	Prec@1 87.500 (38.966)	Prec@5 100.000 (75.806)
Test: [360/473]	Time 0.172 (0.207)	Loss 0.3102 (0.3198)	Prec@1 0.000 (39.127)	Prec@5 87.500 (75.381)
Test: [380/473]	Time 0.172 (0.205)	Loss 0.2753 (0.3185)	Prec@1 25.000 (39.895)	Prec@5 100.000 (75.755)
Test: [400/473]	Time 0.156 (0.203)	Loss 0.2742 (0.3170)	Prec@1 62.500 (40.025)	Prec@5 87.500 (75.655)
Test: [420/473]	Time 0.156 (0.201)	Loss 0.2824 (0.3149)	Prec@1 50.000 (41.063)	Prec@5 100.000 (76.217)
Test: [440/473]	Time 0.156 (0.199)	Loss 0.2733 (0.3167)	Prec@1 37.500 (40.306)	Prec@5 100.000 (75.964)
Test: [460/473]	Time 0.156 (0.197)	Loss 0.2829 (0.3185)	Prec@1 100.000 (39.751)	Prec@5 100.000 (75.651)
Testing Results: Prec@1 40.206 Prec@5 75.628 Loss 0.31805
Best Prec@1: 40.206

Epoch: [6][0/413], lr: 0.00100	Time 18.733 (18.733)	Data 17.233 (17.233)	Loss 0.2600 (0.2600)	Prec@1 50.000 (50.000)	Prec@5 100.000 (100.000)
Epoch: [6][20/413], lr: 0.00100	Time 1.703 (2.317)	Data 0.000 (0.821)	Loss 0.3342 (0.3344)	Prec@1 37.500 (30.357)	Prec@5 87.500 (68.452)
Epoch: [6][40/413], lr: 0.00100	Time 1.578 (1.968)	Data 0.000 (0.420)	Loss 0.3790 (0.3291)	Prec@1 25.000 (35.366)	Prec@5 50.000 (68.902)
Epoch: [6][60/413], lr: 0.00100	Time 1.641 (1.845)	Data 0.000 (0.283)	Loss 0.3543 (0.3341)	Prec@1 25.000 (34.221)	Prec@5 62.500 (68.852)
Epoch: [6][80/413], lr: 0.00100	Time 1.609 (1.781)	Data 0.000 (0.213)	Loss 0.2936 (0.3370)	Prec@1 50.000 (33.179)	Prec@5 87.500 (68.519)
Epoch: [6][100/413], lr: 0.00100	Time 1.703 (1.741)	Data 0.000 (0.171)	Loss 0.3223 (0.3362)	Prec@1 25.000 (32.797)	Prec@5 87.500 (68.564)
Epoch: [6][120/413], lr: 0.00100	Time 1.500 (1.715)	Data 0.000 (0.142)	Loss 0.2736 (0.3359)	Prec@1 50.000 (32.955)	Prec@5 75.000 (68.802)
Epoch: [6][140/413], lr: 0.00100	Time 1.625 (1.697)	Data 0.000 (0.122)	Loss 0.3589 (0.3380)	Prec@1 37.500 (32.270)	Prec@5 75.000 (68.085)
Epoch: [6][160/413], lr: 0.00100	Time 1.500 (1.680)	Data 0.000 (0.107)	Loss 0.3304 (0.3369)	Prec@1 25.000 (32.919)	Prec@5 62.500 (68.478)
Epoch: [6][180/413], lr: 0.00100	Time 1.687 (1.670)	Data 0.000 (0.095)	Loss 0.2734 (0.3373)	Prec@1 50.000 (33.564)	Prec@5 75.000 (68.370)
Epoch: [6][200/413], lr: 0.00100	Time 1.500 (1.661)	Data 0.000 (0.086)	Loss 0.5107 (0.3372)	Prec@1 12.500 (33.893)	Prec@5 37.500 (68.284)
Epoch: [6][220/413], lr: 0.00100	Time 1.562 (1.652)	Data 0.000 (0.078)	Loss 0.3109 (0.3395)	Prec@1 37.500 (33.880)	Prec@5 75.000 (67.760)
Epoch: [6][240/413], lr: 0.00100	Time 1.547 (1.646)	Data 0.000 (0.072)	Loss 0.3491 (0.3397)	Prec@1 25.000 (33.766)	Prec@5 75.000 (67.998)
Epoch: [6][260/413], lr: 0.00100	Time 1.609 (1.640)	Data 0.000 (0.066)	Loss 0.2723 (0.3376)	Prec@1 62.500 (34.291)	Prec@5 75.000 (68.534)
Epoch: [6][280/413], lr: 0.00100	Time 1.625 (1.635)	Data 0.000 (0.061)	Loss 0.3053 (0.3377)	Prec@1 50.000 (34.564)	Prec@5 75.000 (68.505)
Epoch: [6][300/413], lr: 0.00100	Time 1.500 (1.630)	Data 0.000 (0.057)	Loss 0.3446 (0.3372)	Prec@1 12.500 (34.551)	Prec@5 87.500 (68.688)
Epoch: [6][320/413], lr: 0.00100	Time 1.484 (1.626)	Data 0.000 (0.054)	Loss 0.2498 (0.3365)	Prec@1 37.500 (34.579)	Prec@5 87.500 (68.653)
Epoch: [6][340/413], lr: 0.00100	Time 1.547 (1.624)	Data 0.000 (0.051)	Loss 0.2514 (0.3374)	Prec@1 62.500 (34.677)	Prec@5 100.000 (68.438)
Epoch: [6][360/413], lr: 0.00100	Time 1.562 (1.621)	Data 0.000 (0.048)	Loss 0.3711 (0.3380)	Prec@1 37.500 (34.765)	Prec@5 75.000 (68.317)
Epoch: [6][380/413], lr: 0.00100	Time 1.594 (1.619)	Data 0.000 (0.045)	Loss 0.4104 (0.3389)	Prec@1 50.000 (34.810)	Prec@5 62.500 (68.340)
Epoch: [6][400/413], lr: 0.00100	Time 1.562 (1.616)	Data 0.000 (0.043)	Loss 0.3032 (0.3396)	Prec@1 50.000 (34.570)	Prec@5 87.500 (68.204)
Test: [0/473]	Time 16.905 (16.905)	Loss 0.2435 (0.2435)	Prec@1 62.500 (62.500)	Prec@5 100.000 (100.000)
Test: [20/473]	Time 0.156 (0.959)	Loss 0.2634 (0.2772)	Prec@1 37.500 (50.595)	Prec@5 100.000 (86.905)
Test: [40/473]	Time 0.156 (0.569)	Loss 0.0317 (0.2462)	Prec@1 100.000 (60.671)	Prec@5 100.000 (86.890)
Test: [60/473]	Time 0.156 (0.435)	Loss 0.2309 (0.2335)	Prec@1 62.500 (63.730)	Prec@5 100.000 (89.959)
Test: [80/473]	Time 0.156 (0.367)	Loss 0.2805 (0.2411)	Prec@1 62.500 (61.420)	Prec@5 100.000 (88.735)
Test: [100/473]	Time 0.172 (0.326)	Loss 0.4488 (0.2512)	Prec@1 0.000 (59.035)	Prec@5 25.000 (86.757)
Test: [120/473]	Time 0.172 (0.299)	Loss 0.0812 (0.2588)	Prec@1 100.000 (56.405)	Prec@5 100.000 (85.331)
Test: [140/473]	Time 0.156 (0.279)	Loss 0.3726 (0.2515)	Prec@1 25.000 (58.688)	Prec@5 75.000 (85.816)
Test: [160/473]	Time 0.156 (0.264)	Loss 0.3699 (0.2524)	Prec@1 12.500 (57.220)	Prec@5 87.500 (85.714)
Test: [180/473]	Time 0.172 (0.253)	Loss 0.3506 (0.2627)	Prec@1 25.000 (54.489)	Prec@5 100.000 (84.599)
Test: [200/473]	Time 0.172 (0.244)	Loss 0.2667 (0.2613)	Prec@1 37.500 (55.535)	Prec@5 100.000 (85.075)
Test: [220/473]	Time 0.156 (0.236)	Loss 0.3989 (0.2615)	Prec@1 0.000 (56.222)	Prec@5 50.000 (85.351)
Test: [240/473]	Time 0.156 (0.230)	Loss 0.2937 (0.2634)	Prec@1 37.500 (56.120)	Prec@5 100.000 (85.270)
Test: [260/473]	Time 0.172 (0.224)	Loss 0.5545 (0.2680)	Prec@1 0.000 (54.837)	Prec@5 0.000 (84.387)
Test: [280/473]	Time 0.141 (0.220)	Loss 0.3934 (0.2731)	Prec@1 25.000 (53.336)	Prec@5 37.500 (83.363)
Test: [300/473]	Time 0.156 (0.216)	Loss 0.2306 (0.2763)	Prec@1 75.000 (51.370)	Prec@5 100.000 (83.472)
Test: [320/473]	Time 0.156 (0.213)	Loss 0.2118 (0.2802)	Prec@1 87.500 (50.740)	Prec@5 100.000 (82.827)
Test: [340/473]	Time 0.156 (0.210)	Loss 0.3081 (0.2859)	Prec@1 25.000 (49.597)	Prec@5 100.000 (80.975)
Test: [360/473]	Time 0.156 (0.207)	Loss 0.1132 (0.2832)	Prec@1 87.500 (50.589)	Prec@5 100.000 (81.440)
Test: [380/473]	Time 0.156 (0.204)	Loss 0.1801 (0.2841)	Prec@1 62.500 (50.131)	Prec@5 100.000 (80.971)
Test: [400/473]	Time 0.156 (0.202)	Loss 0.3593 (0.2829)	Prec@1 25.000 (50.374)	Prec@5 75.000 (80.860)
Test: [420/473]	Time 0.156 (0.200)	Loss 0.1765 (0.2824)	Prec@1 50.000 (50.505)	Prec@5 100.000 (81.235)
Test: [440/473]	Time 0.172 (0.198)	Loss 0.1854 (0.2818)	Prec@1 75.000 (50.935)	Prec@5 100.000 (81.661)
Test: [460/473]	Time 0.156 (0.196)	Loss 0.4052 (0.2834)	Prec@1 0.000 (50.786)	Prec@5 50.000 (81.209)
Testing Results: Prec@1 51.361 Prec@5 81.443 Loss 0.28205
Best Prec@1: 51.361

Epoch: [7][0/413], lr: 0.00100	Time 18.842 (18.842)	Data 17.296 (17.296)	Loss 0.3530 (0.3530)	Prec@1 37.500 (37.500)	Prec@5 62.500 (62.500)
Epoch: [7][20/413], lr: 0.00100	Time 1.484 (2.314)	Data 0.000 (0.824)	Loss 0.2929 (0.3240)	Prec@1 50.000 (35.119)	Prec@5 75.000 (71.429)
Epoch: [7][40/413], lr: 0.00100	Time 1.703 (1.948)	Data 0.000 (0.422)	Loss 0.4356 (0.3297)	Prec@1 25.000 (35.366)	Prec@5 62.500 (68.902)
Epoch: [7][60/413], lr: 0.00100	Time 1.547 (1.835)	Data 0.000 (0.284)	Loss 0.4339 (0.3340)	Prec@1 25.000 (36.066)	Prec@5 62.500 (69.057)
Epoch: [7][80/413], lr: 0.00100	Time 1.516 (1.767)	Data 0.000 (0.214)	Loss 0.3144 (0.3397)	Prec@1 25.000 (34.105)	Prec@5 87.500 (68.056)
Epoch: [7][100/413], lr: 0.00100	Time 1.641 (1.731)	Data 0.000 (0.171)	Loss 0.2917 (0.3368)	Prec@1 50.000 (35.272)	Prec@5 87.500 (68.936)
Epoch: [7][120/413], lr: 0.00100	Time 1.516 (1.704)	Data 0.000 (0.143)	Loss 0.3244 (0.3354)	Prec@1 50.000 (36.157)	Prec@5 62.500 (69.628)
Epoch: [7][140/413], lr: 0.00100	Time 1.719 (1.686)	Data 0.000 (0.123)	Loss 0.2731 (0.3316)	Prec@1 50.000 (36.525)	Prec@5 75.000 (70.124)
Epoch: [7][160/413], lr: 0.00100	Time 1.516 (1.672)	Data 0.000 (0.108)	Loss 0.3374 (0.3323)	Prec@1 37.500 (36.335)	Prec@5 62.500 (69.953)
Epoch: [7][180/413], lr: 0.00100	Time 1.562 (1.661)	Data 0.000 (0.096)	Loss 0.3782 (0.3309)	Prec@1 12.500 (36.533)	Prec@5 62.500 (70.649)
Epoch: [7][200/413], lr: 0.00100	Time 1.672 (1.653)	Data 0.000 (0.086)	Loss 0.3906 (0.3303)	Prec@1 12.500 (37.065)	Prec@5 50.000 (70.896)
Epoch: [7][220/413], lr: 0.00100	Time 1.641 (1.645)	Data 0.000 (0.078)	Loss 0.3418 (0.3330)	Prec@1 50.000 (36.652)	Prec@5 62.500 (70.305)
Epoch: [7][240/413], lr: 0.00100	Time 1.687 (1.638)	Data 0.000 (0.072)	Loss 0.3090 (0.3322)	Prec@1 37.500 (37.033)	Prec@5 75.000 (70.539)
Epoch: [7][260/413], lr: 0.00100	Time 1.500 (1.633)	Data 0.000 (0.066)	Loss 0.2958 (0.3318)	Prec@1 37.500 (36.877)	Prec@5 62.500 (70.642)
Epoch: [7][280/413], lr: 0.00100	Time 1.594 (1.629)	Data 0.000 (0.062)	Loss 0.2804 (0.3321)	Prec@1 62.500 (36.922)	Prec@5 87.500 (70.507)
Epoch: [7][300/413], lr: 0.00100	Time 1.531 (1.624)	Data 0.000 (0.058)	Loss 0.3776 (0.3316)	Prec@1 25.000 (37.209)	Prec@5 50.000 (70.723)
Epoch: [7][320/413], lr: 0.00100	Time 1.516 (1.621)	Data 0.000 (0.054)	Loss 0.2402 (0.3295)	Prec@1 75.000 (37.695)	Prec@5 75.000 (70.872)
Epoch: [7][340/413], lr: 0.00100	Time 1.500 (1.618)	Data 0.000 (0.051)	Loss 0.2343 (0.3275)	Prec@1 50.000 (38.050)	Prec@5 87.500 (71.224)
Epoch: [7][360/413], lr: 0.00100	Time 1.578 (1.615)	Data 0.000 (0.048)	Loss 0.2934 (0.3270)	Prec@1 50.000 (37.881)	Prec@5 87.500 (71.191)
Epoch: [7][380/413], lr: 0.00100	Time 1.516 (1.613)	Data 0.000 (0.046)	Loss 0.2841 (0.3261)	Prec@1 50.000 (37.730)	Prec@5 75.000 (71.457)
Epoch: [7][400/413], lr: 0.00100	Time 1.500 (1.609)	Data 0.000 (0.043)	Loss 0.3546 (0.3258)	Prec@1 37.500 (37.905)	Prec@5 50.000 (71.291)
Test: [0/473]	Time 16.764 (16.764)	Loss 0.2989 (0.2989)	Prec@1 75.000 (75.000)	Prec@5 75.000 (75.000)
Test: [20/473]	Time 0.156 (0.957)	Loss 0.3507 (0.2838)	Prec@1 12.500 (53.571)	Prec@5 50.000 (80.952)
Test: [40/473]	Time 0.156 (0.569)	Loss 0.1439 (0.2598)	Prec@1 87.500 (55.793)	Prec@5 100.000 (82.622)
Test: [60/473]	Time 0.156 (0.435)	Loss 0.2731 (0.2415)	Prec@1 62.500 (61.066)	Prec@5 75.000 (85.656)
Test: [80/473]	Time 0.172 (0.367)	Loss 0.2778 (0.2469)	Prec@1 37.500 (58.796)	Prec@5 100.000 (85.185)
Test: [100/473]	Time 0.172 (0.326)	Loss 0.3659 (0.2414)	Prec@1 25.000 (59.035)	Prec@5 87.500 (87.005)
Test: [120/473]	Time 0.156 (0.298)	Loss 0.1121 (0.2446)	Prec@1 100.000 (58.678)	Prec@5 100.000 (87.293)
Test: [140/473]	Time 0.156 (0.279)	Loss 0.2051 (0.2448)	Prec@1 87.500 (58.156)	Prec@5 100.000 (86.348)
Test: [160/473]	Time 0.156 (0.264)	Loss 0.4054 (0.2393)	Prec@1 0.000 (59.860)	Prec@5 50.000 (86.801)
Test: [180/473]	Time 0.156 (0.253)	Loss 0.3013 (0.2512)	Prec@1 50.000 (57.113)	Prec@5 100.000 (85.152)
Test: [200/473]	Time 0.156 (0.243)	Loss 0.2661 (0.2580)	Prec@1 25.000 (55.473)	Prec@5 100.000 (83.582)
Test: [220/473]	Time 0.156 (0.236)	Loss 0.3122 (0.2589)	Prec@1 62.500 (56.561)	Prec@5 62.500 (84.219)
Test: [240/473]	Time 0.156 (0.229)	Loss 0.1642 (0.2590)	Prec@1 100.000 (57.313)	Prec@5 100.000 (84.492)
Test: [260/473]	Time 0.156 (0.224)	Loss 0.5603 (0.2607)	Prec@1 0.000 (57.136)	Prec@5 25.000 (84.387)
Test: [280/473]	Time 0.156 (0.220)	Loss 0.3210 (0.2627)	Prec@1 50.000 (56.984)	Prec@5 50.000 (83.941)
Test: [300/473]	Time 0.172 (0.216)	Loss 0.2448 (0.2606)	Prec@1 75.000 (58.140)	Prec@5 75.000 (84.635)
Test: [320/473]	Time 0.156 (0.213)	Loss 0.1072 (0.2647)	Prec@1 100.000 (56.854)	Prec@5 100.000 (83.606)
Test: [340/473]	Time 0.172 (0.210)	Loss 0.4273 (0.2672)	Prec@1 12.500 (56.085)	Prec@5 37.500 (82.991)
Test: [360/473]	Time 0.156 (0.207)	Loss 0.1297 (0.2649)	Prec@1 100.000 (57.064)	Prec@5 100.000 (83.102)
Test: [380/473]	Time 0.156 (0.205)	Loss 0.1317 (0.2656)	Prec@1 100.000 (56.332)	Prec@5 100.000 (82.808)
Test: [400/473]	Time 0.172 (0.202)	Loss 0.3123 (0.2635)	Prec@1 50.000 (56.671)	Prec@5 87.500 (83.198)
Test: [420/473]	Time 0.172 (0.201)	Loss 0.2632 (0.2620)	Prec@1 50.000 (57.482)	Prec@5 100.000 (83.670)
Test: [440/473]	Time 0.156 (0.199)	Loss 0.2104 (0.2608)	Prec@1 37.500 (57.568)	Prec@5 100.000 (83.957)
Test: [460/473]	Time 0.156 (0.197)	Loss 0.2181 (0.2615)	Prec@1 100.000 (57.674)	Prec@5 100.000 (84.165)
Testing Results: Prec@1 58.128 Prec@5 84.483 Loss 0.26031
Best Prec@1: 58.128

Epoch: [8][0/413], lr: 0.00100	Time 19.061 (19.061)	Data 17.546 (17.546)	Loss 0.3963 (0.3963)	Prec@1 37.500 (37.500)	Prec@5 62.500 (62.500)
Epoch: [8][20/413], lr: 0.00100	Time 1.500 (2.329)	Data 0.000 (0.836)	Loss 0.4273 (0.3314)	Prec@1 25.000 (42.262)	Prec@5 50.000 (70.238)
Epoch: [8][40/413], lr: 0.00100	Time 1.687 (1.969)	Data 0.000 (0.428)	Loss 0.2493 (0.3182)	Prec@1 62.500 (42.378)	Prec@5 62.500 (72.256)
Epoch: [8][60/413], lr: 0.00100	Time 1.703 (1.844)	Data 0.000 (0.288)	Loss 0.2314 (0.3141)	Prec@1 62.500 (42.828)	Prec@5 87.500 (72.746)
Epoch: [8][80/413], lr: 0.00100	Time 1.609 (1.775)	Data 0.000 (0.217)	Loss 0.3417 (0.3115)	Prec@1 37.500 (43.210)	Prec@5 62.500 (73.920)
Epoch: [8][100/413], lr: 0.00100	Time 1.516 (1.738)	Data 0.000 (0.174)	Loss 0.3211 (0.3077)	Prec@1 37.500 (43.812)	Prec@5 75.000 (75.248)
Epoch: [8][120/413], lr: 0.00100	Time 1.672 (1.710)	Data 0.000 (0.145)	Loss 0.2664 (0.3056)	Prec@1 37.500 (43.698)	Prec@5 75.000 (75.517)
Epoch: [8][140/413], lr: 0.00100	Time 1.516 (1.688)	Data 0.000 (0.125)	Loss 0.2693 (0.3025)	Prec@1 62.500 (44.681)	Prec@5 75.000 (75.798)
Epoch: [8][160/413], lr: 0.00100	Time 1.516 (1.672)	Data 0.000 (0.109)	Loss 0.2255 (0.3019)	Prec@1 50.000 (44.798)	Prec@5 100.000 (75.776)
Epoch: [8][180/413], lr: 0.00100	Time 1.562 (1.661)	Data 0.000 (0.097)	Loss 0.3512 (0.3056)	Prec@1 12.500 (43.508)	Prec@5 87.500 (75.345)
Epoch: [8][200/413], lr: 0.00100	Time 1.625 (1.653)	Data 0.000 (0.087)	Loss 0.3851 (0.3075)	Prec@1 25.000 (43.159)	Prec@5 62.500 (74.751)
Epoch: [8][220/413], lr: 0.00100	Time 1.547 (1.645)	Data 0.000 (0.080)	Loss 0.2816 (0.3075)	Prec@1 37.500 (43.100)	Prec@5 75.000 (74.661)
Epoch: [8][240/413], lr: 0.00100	Time 1.687 (1.639)	Data 0.000 (0.073)	Loss 0.2716 (0.3085)	Prec@1 25.000 (42.842)	Prec@5 87.500 (74.637)
Epoch: [8][260/413], lr: 0.00100	Time 1.625 (1.632)	Data 0.000 (0.067)	Loss 0.3357 (0.3078)	Prec@1 50.000 (42.960)	Prec@5 62.500 (74.856)
Epoch: [8][280/413], lr: 0.00100	Time 1.531 (1.628)	Data 0.000 (0.063)	Loss 0.3034 (0.3081)	Prec@1 50.000 (42.927)	Prec@5 87.500 (74.511)
Epoch: [8][300/413], lr: 0.00100	Time 1.500 (1.624)	Data 0.000 (0.059)	Loss 0.3009 (0.3072)	Prec@1 25.000 (43.189)	Prec@5 87.500 (74.668)
Epoch: [8][320/413], lr: 0.00100	Time 1.672 (1.620)	Data 0.000 (0.055)	Loss 0.2915 (0.3060)	Prec@1 37.500 (43.380)	Prec@5 87.500 (75.078)
Epoch: [8][340/413], lr: 0.00100	Time 1.484 (1.616)	Data 0.000 (0.052)	Loss 0.2988 (0.3054)	Prec@1 62.500 (43.622)	Prec@5 62.500 (75.220)
Epoch: [8][360/413], lr: 0.00100	Time 1.547 (1.613)	Data 0.000 (0.049)	Loss 0.3346 (0.3050)	Prec@1 50.000 (44.079)	Prec@5 62.500 (75.242)
Epoch: [8][380/413], lr: 0.00100	Time 1.578 (1.612)	Data 0.000 (0.046)	Loss 0.3584 (0.3048)	Prec@1 25.000 (44.127)	Prec@5 75.000 (75.131)
Epoch: [8][400/413], lr: 0.00100	Time 1.625 (1.609)	Data 0.000 (0.044)	Loss 0.2897 (0.3056)	Prec@1 37.500 (43.921)	Prec@5 75.000 (74.844)
Test: [0/473]	Time 16.561 (16.561)	Loss 0.2315 (0.2315)	Prec@1 75.000 (75.000)	Prec@5 75.000 (75.000)
Test: [20/473]	Time 0.156 (0.946)	Loss 0.2597 (0.2477)	Prec@1 50.000 (60.714)	Prec@5 100.000 (89.286)
Test: [40/473]	Time 0.156 (0.563)	Loss 0.0897 (0.2259)	Prec@1 100.000 (64.939)	Prec@5 100.000 (89.329)
Test: [60/473]	Time 0.156 (0.431)	Loss 0.1431 (0.2200)	Prec@1 87.500 (64.754)	Prec@5 100.000 (90.164)
Test: [80/473]	Time 0.156 (0.364)	Loss 0.3068 (0.2307)	Prec@1 12.500 (61.265)	Prec@5 100.000 (88.117)
Test: [100/473]	Time 0.156 (0.323)	Loss 0.3288 (0.2299)	Prec@1 62.500 (61.262)	Prec@5 87.500 (88.738)
Test: [120/473]	Time 0.156 (0.296)	Loss 0.0477 (0.2232)	Prec@1 100.000 (63.636)	Prec@5 100.000 (89.463)
Test: [140/473]	Time 0.156 (0.277)	Loss 0.2823 (0.2146)	Prec@1 25.000 (65.780)	Prec@5 100.000 (89.982)
Test: [160/473]	Time 0.156 (0.262)	Loss 0.3474 (0.2152)	Prec@1 0.000 (65.916)	Prec@5 75.000 (90.450)
Test: [180/473]	Time 0.156 (0.251)	Loss 0.3964 (0.2266)	Prec@1 0.000 (62.776)	Prec@5 25.000 (87.914)
Test: [200/473]	Time 0.156 (0.242)	Loss 0.3100 (0.2279)	Prec@1 25.000 (62.562)	Prec@5 100.000 (87.811)
Test: [220/473]	Time 0.156 (0.235)	Loss 0.2929 (0.2282)	Prec@1 12.500 (63.066)	Prec@5 100.000 (87.896)
Test: [240/473]	Time 0.172 (0.229)	Loss 0.2233 (0.2311)	Prec@1 87.500 (62.811)	Prec@5 100.000 (86.929)
Test: [260/473]	Time 0.172 (0.224)	Loss 0.5393 (0.2354)	Prec@1 0.000 (61.782)	Prec@5 12.500 (86.446)
Test: [280/473]	Time 0.172 (0.220)	Loss 0.3607 (0.2420)	Prec@1 37.500 (59.786)	Prec@5 50.000 (85.276)
Test: [300/473]	Time 0.156 (0.216)	Loss 0.1655 (0.2425)	Prec@1 75.000 (59.344)	Prec@5 100.000 (85.714)
Test: [320/473]	Time 0.156 (0.213)	Loss 0.2323 (0.2449)	Prec@1 87.500 (59.891)	Prec@5 87.500 (85.436)
Test: [340/473]	Time 0.172 (0.210)	Loss 0.2661 (0.2472)	Prec@1 50.000 (59.861)	Prec@5 100.000 (84.934)
Test: [360/473]	Time 0.172 (0.207)	Loss 0.1008 (0.2439)	Prec@1 100.000 (60.803)	Prec@5 100.000 (85.353)
Test: [380/473]	Time 0.156 (0.205)	Loss 0.1299 (0.2420)	Prec@1 100.000 (60.991)	Prec@5 100.000 (85.630)
Test: [400/473]	Time 0.172 (0.203)	Loss 0.3582 (0.2402)	Prec@1 25.000 (61.409)	Prec@5 75.000 (85.879)
Test: [420/473]	Time 0.156 (0.201)	Loss 0.2115 (0.2403)	Prec@1 50.000 (61.669)	Prec@5 100.000 (86.015)
Test: [440/473]	Time 0.172 (0.199)	Loss 0.2415 (0.2436)	Prec@1 50.000 (60.431)	Prec@5 100.000 (85.573)
Test: [460/473]	Time 0.156 (0.197)	Loss 0.2705 (0.2437)	Prec@1 50.000 (60.412)	Prec@5 100.000 (85.683)
Testing Results: Prec@1 60.322 Prec@5 85.646 Loss 0.24443
Best Prec@1: 60.322

Epoch: [9][0/413], lr: 0.00100	Time 19.342 (19.342)	Data 17.827 (17.827)	Loss 0.3562 (0.3562)	Prec@1 37.500 (37.500)	Prec@5 50.000 (50.000)
Epoch: [9][20/413], lr: 0.00100	Time 1.500 (2.344)	Data 0.000 (0.849)	Loss 0.2682 (0.2870)	Prec@1 75.000 (50.595)	Prec@5 75.000 (77.976)
Epoch: [9][40/413], lr: 0.00100	Time 1.562 (1.962)	Data 0.000 (0.435)	Loss 0.2988 (0.2920)	Prec@1 50.000 (48.171)	Prec@5 75.000 (77.134)
Epoch: [9][60/413], lr: 0.00100	Time 1.656 (1.844)	Data 0.000 (0.292)	Loss 0.3594 (0.3005)	Prec@1 37.500 (44.467)	Prec@5 50.000 (75.205)
Epoch: [9][80/413], lr: 0.00100	Time 1.516 (1.772)	Data 0.000 (0.220)	Loss 0.3220 (0.2995)	Prec@1 50.000 (44.599)	Prec@5 62.500 (75.463)
Epoch: [9][100/413], lr: 0.00100	Time 1.531 (1.733)	Data 0.000 (0.177)	Loss 0.3355 (0.2953)	Prec@1 25.000 (44.678)	Prec@5 62.500 (76.980)
Epoch: [9][120/413], lr: 0.00100	Time 1.484 (1.704)	Data 0.000 (0.148)	Loss 0.2766 (0.2937)	Prec@1 62.500 (45.351)	Prec@5 87.500 (77.273)
Epoch: [9][140/413], lr: 0.00100	Time 1.578 (1.685)	Data 0.000 (0.127)	Loss 0.2348 (0.2929)	Prec@1 75.000 (45.567)	Prec@5 87.500 (77.394)
Epoch: [9][160/413], lr: 0.00100	Time 1.500 (1.670)	Data 0.000 (0.111)	Loss 0.3142 (0.2950)	Prec@1 37.500 (45.186)	Prec@5 75.000 (76.941)
Epoch: [9][180/413], lr: 0.00100	Time 1.687 (1.659)	Data 0.000 (0.099)	Loss 0.2871 (0.2952)	Prec@1 50.000 (45.787)	Prec@5 87.500 (77.072)
Epoch: [9][200/413], lr: 0.00100	Time 1.516 (1.648)	Data 0.000 (0.089)	Loss 0.3136 (0.2956)	Prec@1 37.500 (45.709)	Prec@5 75.000 (77.114)
Epoch: [9][220/413], lr: 0.00100	Time 1.516 (1.641)	Data 0.000 (0.081)	Loss 0.2309 (0.2937)	Prec@1 62.500 (46.097)	Prec@5 100.000 (77.489)
Epoch: [9][240/413], lr: 0.00100	Time 1.500 (1.635)	Data 0.000 (0.074)	Loss 0.2269 (0.2922)	Prec@1 62.500 (46.369)	Prec@5 87.500 (77.490)
Epoch: [9][260/413], lr: 0.00100	Time 1.531 (1.630)	Data 0.000 (0.069)	Loss 0.2634 (0.2903)	Prec@1 62.500 (46.600)	Prec@5 87.500 (77.826)
Epoch: [9][280/413], lr: 0.00100	Time 1.547 (1.625)	Data 0.000 (0.064)	Loss 0.2712 (0.2908)	Prec@1 50.000 (46.308)	Prec@5 87.500 (77.891)
Epoch: [9][300/413], lr: 0.00100	Time 1.578 (1.621)	Data 0.000 (0.059)	Loss 0.2036 (0.2897)	Prec@1 75.000 (46.761)	Prec@5 87.500 (77.990)
Epoch: [9][320/413], lr: 0.00100	Time 1.516 (1.617)	Data 0.000 (0.056)	Loss 0.2343 (0.2901)	Prec@1 87.500 (47.040)	Prec@5 87.500 (77.960)
Epoch: [9][340/413], lr: 0.00100	Time 1.594 (1.615)	Data 0.000 (0.052)	Loss 0.2904 (0.2896)	Prec@1 75.000 (47.287)	Prec@5 87.500 (78.262)
Epoch: [9][360/413], lr: 0.00100	Time 1.578 (1.612)	Data 0.000 (0.050)	Loss 0.2056 (0.2896)	Prec@1 87.500 (47.230)	Prec@5 100.000 (78.289)
Epoch: [9][380/413], lr: 0.00100	Time 1.594 (1.609)	Data 0.000 (0.047)	Loss 0.2515 (0.2905)	Prec@1 62.500 (47.014)	Prec@5 87.500 (78.281)
Epoch: [9][400/413], lr: 0.00100	Time 1.484 (1.607)	Data 0.000 (0.045)	Loss 0.3781 (0.2905)	Prec@1 25.000 (46.852)	Prec@5 62.500 (78.242)
Test: [0/473]	Time 16.608 (16.608)	Loss 0.1047 (0.1047)	Prec@1 100.000 (100.000)	Prec@5 100.000 (100.000)
Test: [20/473]	Time 0.156 (0.947)	Loss 0.4225 (0.2562)	Prec@1 0.000 (44.643)	Prec@5 12.500 (85.714)
Test: [40/473]	Time 0.172 (0.563)	Loss 0.0434 (0.2343)	Prec@1 100.000 (53.049)	Prec@5 100.000 (87.500)
Test: [60/473]	Time 0.156 (0.431)	Loss 0.1467 (0.2102)	Prec@1 75.000 (62.500)	Prec@5 100.000 (90.574)
Test: [80/473]	Time 0.172 (0.364)	Loss 0.2606 (0.2167)	Prec@1 12.500 (61.265)	Prec@5 100.000 (89.969)
Test: [100/473]	Time 0.172 (0.323)	Loss 0.4133 (0.2238)	Prec@1 0.000 (59.777)	Prec@5 87.500 (90.099)
Test: [120/473]	Time 0.156 (0.296)	Loss 0.0271 (0.2172)	Prec@1 100.000 (62.500)	Prec@5 100.000 (90.496)
Test: [140/473]	Time 0.172 (0.277)	Loss 0.3291 (0.2096)	Prec@1 50.000 (64.982)	Prec@5 100.000 (91.312)
Test: [160/473]	Time 0.156 (0.263)	Loss 0.2474 (0.2126)	Prec@1 62.500 (64.907)	Prec@5 100.000 (91.460)
Test: [180/473]	Time 0.156 (0.251)	Loss 0.1717 (0.2219)	Prec@1 100.000 (63.122)	Prec@5 100.000 (90.124)
Test: [200/473]	Time 0.156 (0.242)	Loss 0.1759 (0.2216)	Prec@1 100.000 (63.619)	Prec@5 100.000 (90.236)
Test: [220/473]	Time 0.156 (0.235)	Loss 0.2337 (0.2188)	Prec@1 100.000 (65.328)	Prec@5 100.000 (90.611)
Test: [240/473]	Time 0.172 (0.229)	Loss 0.2259 (0.2209)	Prec@1 75.000 (65.093)	Prec@5 100.000 (90.197)
Test: [260/473]	Time 0.156 (0.224)	Loss 0.5933 (0.2239)	Prec@1 0.000 (64.655)	Prec@5 12.500 (89.799)
Test: [280/473]	Time 0.156 (0.220)	Loss 0.1923 (0.2243)	Prec@1 87.500 (64.858)	Prec@5 100.000 (89.591)
Test: [300/473]	Time 0.172 (0.216)	Loss 0.1126 (0.2247)	Prec@1 75.000 (64.784)	Prec@5 100.000 (89.743)
Test: [320/473]	Time 0.156 (0.213)	Loss 0.1131 (0.2256)	Prec@1 100.000 (64.836)	Prec@5 100.000 (89.603)
Test: [340/473]	Time 0.156 (0.209)	Loss 0.2930 (0.2275)	Prec@1 50.000 (64.260)	Prec@5 100.000 (89.223)
Test: [360/473]	Time 0.156 (0.207)	Loss 0.1113 (0.2261)	Prec@1 87.500 (64.751)	Prec@5 100.000 (89.301)
Test: [380/473]	Time 0.172 (0.204)	Loss 0.1981 (0.2283)	Prec@1 87.500 (63.944)	Prec@5 100.000 (88.976)
Test: [400/473]	Time 0.156 (0.202)	Loss 0.2428 (0.2270)	Prec@1 75.000 (64.526)	Prec@5 87.500 (88.996)
Test: [420/473]	Time 0.156 (0.200)	Loss 0.0715 (0.2249)	Prec@1 100.000 (65.499)	Prec@5 100.000 (89.341)
Test: [440/473]	Time 0.156 (0.198)	Loss 0.1816 (0.2262)	Prec@1 50.000 (64.881)	Prec@5 100.000 (89.087)
Test: [460/473]	Time 0.156 (0.197)	Loss 0.1735 (0.2263)	Prec@1 100.000 (65.157)	Prec@5 100.000 (88.964)
Testing Results: Prec@1 65.292 Prec@5 89.003 Loss 0.22645
Best Prec@1: 65.292

Epoch: [10][0/413], lr: 0.00100	Time 18.858 (18.858)	Data 17.358 (17.358)	Loss 0.2967 (0.2967)	Prec@1 62.500 (62.500)	Prec@5 62.500 (62.500)
Epoch: [10][20/413], lr: 0.00100	Time 1.687 (2.329)	Data 0.000 (0.827)	Loss 0.2840 (0.2797)	Prec@1 50.000 (51.786)	Prec@5 87.500 (82.143)
Epoch: [10][40/413], lr: 0.00100	Time 1.547 (1.961)	Data 0.000 (0.423)	Loss 0.2785 (0.2835)	Prec@1 37.500 (47.866)	Prec@5 87.500 (80.488)
Epoch: [10][60/413], lr: 0.00100	Time 1.687 (1.851)	Data 0.016 (0.285)	Loss 0.2032 (0.2782)	Prec@1 75.000 (49.795)	Prec@5 100.000 (81.148)
Epoch: [10][80/413], lr: 0.00100	Time 1.547 (1.780)	Data 0.000 (0.215)	Loss 0.2731 (0.2824)	Prec@1 75.000 (48.765)	Prec@5 75.000 (80.401)
Epoch: [10][100/413], lr: 0.00100	Time 1.594 (1.739)	Data 0.000 (0.172)	Loss 0.2495 (0.2839)	Prec@1 50.000 (48.391)	Prec@5 100.000 (80.446)
Epoch: [10][120/413], lr: 0.00100	Time 1.516 (1.713)	Data 0.000 (0.144)	Loss 0.3011 (0.2811)	Prec@1 62.500 (48.657)	Prec@5 75.000 (80.888)
Epoch: [10][140/413], lr: 0.00100	Time 1.484 (1.692)	Data 0.000 (0.123)	Loss 0.2523 (0.2793)	Prec@1 37.500 (49.113)	Prec@5 87.500 (80.496)
Epoch: [10][160/413], lr: 0.00100	Time 1.484 (1.677)	Data 0.000 (0.108)	Loss 0.3148 (0.2759)	Prec@1 25.000 (49.922)	Prec@5 75.000 (80.901)
Epoch: [10][180/413], lr: 0.00100	Time 1.547 (1.665)	Data 0.000 (0.096)	Loss 0.2318 (0.2756)	Prec@1 50.000 (50.000)	Prec@5 75.000 (80.939)
Epoch: [10][200/413], lr: 0.00100	Time 1.562 (1.655)	Data 0.000 (0.087)	Loss 0.2047 (0.2752)	Prec@1 50.000 (49.876)	Prec@5 87.500 (81.219)
Epoch: [10][220/413], lr: 0.00100	Time 1.516 (1.648)	Data 0.000 (0.079)	Loss 0.2841 (0.2755)	Prec@1 50.000 (49.717)	Prec@5 87.500 (80.939)
Epoch: [10][240/413], lr: 0.00100	Time 1.500 (1.642)	Data 0.000 (0.072)	Loss 0.3318 (0.2743)	Prec@1 12.500 (49.637)	Prec@5 75.000 (81.172)
Epoch: [10][260/413], lr: 0.00100	Time 1.609 (1.637)	Data 0.000 (0.067)	Loss 0.2349 (0.2725)	Prec@1 75.000 (50.431)	Prec@5 87.500 (81.609)
Epoch: [10][280/413], lr: 0.00100	Time 1.484 (1.631)	Data 0.000 (0.062)	Loss 0.2196 (0.2719)	Prec@1 75.000 (50.534)	Prec@5 100.000 (81.717)
Epoch: [10][300/413], lr: 0.00100	Time 1.609 (1.627)	Data 0.000 (0.058)	Loss 0.2894 (0.2710)	Prec@1 37.500 (50.540)	Prec@5 75.000 (81.977)
Epoch: [10][320/413], lr: 0.00100	Time 1.578 (1.623)	Data 0.000 (0.054)	Loss 0.2046 (0.2715)	Prec@1 75.000 (50.506)	Prec@5 87.500 (81.931)
Epoch: [10][340/413], lr: 0.00100	Time 1.516 (1.620)	Data 0.000 (0.051)	Loss 0.2093 (0.2720)	Prec@1 50.000 (50.440)	Prec@5 87.500 (81.818)
Epoch: [10][360/413], lr: 0.00100	Time 1.547 (1.617)	Data 0.000 (0.048)	Loss 0.3588 (0.2731)	Prec@1 25.000 (50.139)	Prec@5 75.000 (81.891)
Epoch: [10][380/413], lr: 0.00100	Time 1.656 (1.615)	Data 0.000 (0.046)	Loss 0.3641 (0.2740)	Prec@1 37.500 (50.131)	Prec@5 75.000 (81.693)
Epoch: [10][400/413], lr: 0.00100	Time 1.500 (1.612)	Data 0.000 (0.044)	Loss 0.2029 (0.2746)	Prec@1 75.000 (49.969)	Prec@5 87.500 (81.733)
Test: [0/473]	Time 16.655 (16.655)	Loss 0.1921 (0.1921)	Prec@1 50.000 (50.000)	Prec@5 100.000 (100.000)
Test: [20/473]	Time 0.156 (0.950)	Loss 0.1429 (0.1876)	Prec@1 100.000 (68.452)	Prec@5 100.000 (99.405)
Test: [40/473]	Time 0.172 (0.564)	Loss 0.0506 (0.1756)	Prec@1 100.000 (74.085)	Prec@5 100.000 (95.732)
Test: [60/473]	Time 0.156 (0.432)	Loss 0.2137 (0.1717)	Prec@1 37.500 (73.361)	Prec@5 100.000 (95.697)
Test: [80/473]	Time 0.156 (0.365)	Loss 0.4820 (0.1972)	Prec@1 0.000 (66.358)	Prec@5 0.000 (90.741)
Test: [100/473]	Time 0.156 (0.324)	Loss 0.2756 (0.2147)	Prec@1 62.500 (64.109)	Prec@5 100.000 (89.356)
Test: [120/473]	Time 0.156 (0.297)	Loss 0.0075 (0.2074)	Prec@1 100.000 (66.322)	Prec@5 100.000 (90.083)
Test: [140/473]	Time 0.156 (0.277)	Loss 0.2096 (0.1964)	Prec@1 75.000 (69.415)	Prec@5 100.000 (90.957)
Test: [160/473]	Time 0.172 (0.263)	Loss 0.2505 (0.1987)	Prec@1 75.000 (68.090)	Prec@5 100.000 (90.839)
Test: [180/473]	Time 0.156 (0.252)	Loss 0.1436 (0.2038)	Prec@1 100.000 (67.058)	Prec@5 100.000 (90.401)
Test: [200/473]	Time 0.172 (0.242)	Loss 0.2339 (0.2022)	Prec@1 25.000 (67.351)	Prec@5 100.000 (90.609)
Test: [220/473]	Time 0.156 (0.235)	Loss 0.2162 (0.2055)	Prec@1 100.000 (66.572)	Prec@5 100.000 (90.441)
Test: [240/473]	Time 0.156 (0.229)	Loss 0.1029 (0.2031)	Prec@1 100.000 (67.376)	Prec@5 100.000 (90.508)
Test: [260/473]	Time 0.156 (0.223)	Loss 0.5264 (0.2038)	Prec@1 12.500 (68.008)	Prec@5 50.000 (90.852)
Test: [280/473]	Time 0.172 (0.219)	Loss 0.2490 (0.2095)	Prec@1 50.000 (67.171)	Prec@5 87.500 (90.302)
Test: [300/473]	Time 0.156 (0.215)	Loss 0.2464 (0.2085)	Prec@1 75.000 (67.816)	Prec@5 75.000 (90.407)
Test: [320/473]	Time 0.172 (0.212)	Loss 0.0952 (0.2106)	Prec@1 100.000 (67.484)	Prec@5 100.000 (90.148)
Test: [340/473]	Time 0.172 (0.209)	Loss 0.1606 (0.2137)	Prec@1 75.000 (66.056)	Prec@5 100.000 (89.626)
Test: [360/473]	Time 0.156 (0.206)	Loss 0.1304 (0.2122)	Prec@1 100.000 (66.724)	Prec@5 100.000 (89.889)
Test: [380/473]	Time 0.156 (0.204)	Loss 0.1956 (0.2148)	Prec@1 50.000 (65.617)	Prec@5 100.000 (89.567)
Test: [400/473]	Time 0.172 (0.202)	Loss 0.2290 (0.2156)	Prec@1 62.500 (65.773)	Prec@5 100.000 (89.464)
Test: [420/473]	Time 0.156 (0.200)	Loss 0.0881 (0.2149)	Prec@1 100.000 (65.825)	Prec@5 100.000 (89.697)
Test: [440/473]	Time 0.172 (0.198)	Loss 0.1264 (0.2171)	Prec@1 100.000 (65.164)	Prec@5 100.000 (89.371)
Test: [460/473]	Time 0.172 (0.196)	Loss 0.1795 (0.2193)	Prec@1 100.000 (64.398)	Prec@5 100.000 (88.883)
Testing Results: Prec@1 64.261 Prec@5 88.977 Loss 0.22030
Best Prec@1: 65.292

Epoch: [11][0/413], lr: 0.00100	Time 19.264 (19.264)	Data 17.764 (17.764)	Loss 0.2859 (0.2859)	Prec@1 50.000 (50.000)	Prec@5 75.000 (75.000)
Epoch: [11][20/413], lr: 0.00100	Time 1.547 (2.340)	Data 0.000 (0.846)	Loss 0.2489 (0.2422)	Prec@1 62.500 (60.119)	Prec@5 75.000 (82.143)
Epoch: [11][40/413], lr: 0.00100	Time 1.547 (1.968)	Data 0.000 (0.433)	Loss 0.2019 (0.2502)	Prec@1 87.500 (57.317)	Prec@5 100.000 (83.537)
Epoch: [11][60/413], lr: 0.00100	Time 1.578 (1.849)	Data 0.000 (0.291)	Loss 0.2052 (0.2480)	Prec@1 75.000 (57.787)	Prec@5 100.000 (85.041)
Epoch: [11][80/413], lr: 0.00100	Time 1.547 (1.779)	Data 0.000 (0.219)	Loss 0.3112 (0.2515)	Prec@1 37.500 (56.790)	Prec@5 75.000 (85.185)
Epoch: [11][100/413], lr: 0.00100	Time 1.641 (1.740)	Data 0.000 (0.176)	Loss 0.2503 (0.2531)	Prec@1 62.500 (57.550)	Prec@5 62.500 (84.653)
Epoch: [11][120/413], lr: 0.00100	Time 1.500 (1.709)	Data 0.000 (0.147)	Loss 0.2106 (0.2562)	Prec@1 75.000 (56.095)	Prec@5 75.000 (83.988)
Epoch: [11][140/413], lr: 0.00100	Time 1.609 (1.690)	Data 0.000 (0.126)	Loss 0.2367 (0.2551)	Prec@1 50.000 (56.206)	Prec@5 75.000 (84.220)
Epoch: [11][160/413], lr: 0.00100	Time 1.531 (1.676)	Data 0.000 (0.111)	Loss 0.1751 (0.2559)	Prec@1 75.000 (55.978)	Prec@5 100.000 (84.084)
Epoch: [11][180/413], lr: 0.00100	Time 1.516 (1.662)	Data 0.000 (0.098)	Loss 0.1769 (0.2572)	Prec@1 75.000 (55.387)	Prec@5 100.000 (84.185)
Epoch: [11][200/413], lr: 0.00100	Time 1.578 (1.654)	Data 0.000 (0.089)	Loss 0.3223 (0.2570)	Prec@1 62.500 (55.473)	Prec@5 75.000 (83.955)
Epoch: [11][220/413], lr: 0.00100	Time 1.500 (1.646)	Data 0.000 (0.081)	Loss 0.1960 (0.2597)	Prec@1 62.500 (54.864)	Prec@5 100.000 (83.371)
Epoch: [11][240/413], lr: 0.00100	Time 1.516 (1.639)	Data 0.000 (0.074)	Loss 0.3019 (0.2590)	Prec@1 37.500 (54.512)	Prec@5 87.500 (83.817)
Epoch: [11][260/413], lr: 0.00100	Time 1.516 (1.634)	Data 0.000 (0.068)	Loss 0.2983 (0.2579)	Prec@1 37.500 (55.125)	Prec@5 87.500 (84.291)
Epoch: [11][280/413], lr: 0.00100	Time 1.516 (1.628)	Data 0.000 (0.063)	Loss 0.2699 (0.2579)	Prec@1 37.500 (54.938)	Prec@5 100.000 (84.253)
Epoch: [11][300/413], lr: 0.00100	Time 1.531 (1.624)	Data 0.000 (0.059)	Loss 0.2573 (0.2571)	Prec@1 62.500 (55.025)	Prec@5 75.000 (84.136)
Epoch: [11][320/413], lr: 0.00100	Time 1.547 (1.620)	Data 0.000 (0.055)	Loss 0.2315 (0.2561)	Prec@1 75.000 (55.296)	Prec@5 75.000 (84.307)
Epoch: [11][340/413], lr: 0.00100	Time 1.516 (1.617)	Data 0.000 (0.052)	Loss 0.1811 (0.2546)	Prec@1 100.000 (55.938)	Prec@5 100.000 (84.348)
Epoch: [11][360/413], lr: 0.00100	Time 1.672 (1.615)	Data 0.000 (0.049)	Loss 0.2016 (0.2544)	Prec@1 62.500 (55.921)	Prec@5 100.000 (84.245)
Epoch: [11][380/413], lr: 0.00100	Time 1.656 (1.613)	Data 0.000 (0.047)	Loss 0.3304 (0.2551)	Prec@1 25.000 (55.774)	Prec@5 75.000 (84.350)
Epoch: [11][400/413], lr: 0.00100	Time 1.562 (1.610)	Data 0.000 (0.044)	Loss 0.1927 (0.2546)	Prec@1 75.000 (55.860)	Prec@5 87.500 (84.352)
Test: [0/473]	Time 16.514 (16.514)	Loss 0.1322 (0.1322)	Prec@1 75.000 (75.000)	Prec@5 100.000 (100.000)
Test: [20/473]	Time 0.156 (0.943)	Loss 0.2435 (0.2126)	Prec@1 37.500 (62.500)	Prec@5 100.000 (94.643)
Test: [40/473]	Time 0.156 (0.560)	Loss 0.0069 (0.1873)	Prec@1 100.000 (69.207)	Prec@5 100.000 (94.817)
Test: [60/473]	Time 0.156 (0.429)	Loss 0.1698 (0.1756)	Prec@1 75.000 (74.590)	Prec@5 100.000 (95.492)
Test: [80/473]	Time 0.156 (0.362)	Loss 0.1394 (0.1781)	Prec@1 100.000 (73.302)	Prec@5 100.000 (95.525)
Test: [100/473]	Time 0.172 (0.322)	Loss 0.2879 (0.1849)	Prec@1 50.000 (73.886)	Prec@5 100.000 (95.668)
Test: [120/473]	Time 0.172 (0.295)	Loss 0.0140 (0.1819)	Prec@1 100.000 (75.000)	Prec@5 100.000 (95.868)
Test: [140/473]	Time 0.156 (0.275)	Loss 0.2019 (0.1747)	Prec@1 75.000 (76.507)	Prec@5 100.000 (95.922)
Test: [160/473]	Time 0.172 (0.261)	Loss 0.2655 (0.1734)	Prec@1 62.500 (76.863)	Prec@5 100.000 (95.730)
Test: [180/473]	Time 0.172 (0.250)	Loss 0.1306 (0.1845)	Prec@1 100.000 (74.793)	Prec@5 100.000 (94.751)
Test: [200/473]	Time 0.172 (0.241)	Loss 0.2249 (0.1855)	Prec@1 100.000 (75.373)	Prec@5 100.000 (94.652)
Test: [220/473]	Time 0.156 (0.234)	Loss 0.1903 (0.1869)	Prec@1 100.000 (75.735)	Prec@5 100.000 (94.570)
Test: [240/473]	Time 0.156 (0.228)	Loss 0.2223 (0.1865)	Prec@1 100.000 (75.830)	Prec@5 100.000 (94.243)
Test: [260/473]	Time 0.156 (0.223)	Loss 0.4858 (0.1896)	Prec@1 0.000 (75.527)	Prec@5 37.500 (94.013)
Test: [280/473]	Time 0.156 (0.218)	Loss 0.3713 (0.1929)	Prec@1 37.500 (74.377)	Prec@5 50.000 (93.505)
Test: [300/473]	Time 0.156 (0.214)	Loss 0.1307 (0.1939)	Prec@1 75.000 (73.048)	Prec@5 100.000 (93.729)
Test: [320/473]	Time 0.156 (0.211)	Loss 0.1024 (0.1954)	Prec@1 100.000 (72.313)	Prec@5 100.000 (93.419)
Test: [340/473]	Time 0.156 (0.208)	Loss 0.1692 (0.1974)	Prec@1 62.500 (71.811)	Prec@5 100.000 (93.145)
Test: [360/473]	Time 0.156 (0.205)	Loss 0.0695 (0.1964)	Prec@1 100.000 (72.057)	Prec@5 100.000 (93.109)
Test: [380/473]	Time 0.156 (0.203)	Loss 0.1050 (0.1975)	Prec@1 87.500 (71.555)	Prec@5 100.000 (92.782)
Test: [400/473]	Time 0.156 (0.201)	Loss 0.3156 (0.1974)	Prec@1 50.000 (71.446)	Prec@5 87.500 (92.706)
Test: [420/473]	Time 0.156 (0.199)	Loss 0.0625 (0.1964)	Prec@1 100.000 (71.912)	Prec@5 100.000 (92.785)
Test: [440/473]	Time 0.156 (0.197)	Loss 0.0877 (0.1956)	Prec@1 100.000 (72.137)	Prec@5 100.000 (92.744)
Test: [460/473]	Time 0.156 (0.196)	Loss 0.1258 (0.1952)	Prec@1 100.000 (72.289)	Prec@5 100.000 (92.896)
Testing Results: Prec@1 72.112 Prec@5 92.916 Loss 0.19590
Best Prec@1: 72.112

Epoch: [12][0/413], lr: 0.00100	Time 19.108 (19.108)	Data 17.608 (17.608)	Loss 0.1778 (0.1778)	Prec@1 75.000 (75.000)	Prec@5 100.000 (100.000)
Epoch: [12][20/413], lr: 0.00100	Time 1.500 (2.326)	Data 0.000 (0.839)	Loss 0.2733 (0.2298)	Prec@1 62.500 (61.310)	Prec@5 75.000 (91.667)
Epoch: [12][40/413], lr: 0.00100	Time 1.578 (1.962)	Data 0.000 (0.430)	Loss 0.2470 (0.2353)	Prec@1 62.500 (61.280)	Prec@5 87.500 (89.939)
Epoch: [12][60/413], lr: 0.00100	Time 1.547 (1.847)	Data 0.000 (0.290)	Loss 0.1679 (0.2391)	Prec@1 100.000 (60.656)	Prec@5 100.000 (88.525)
Epoch: [12][80/413], lr: 0.00100	Time 1.500 (1.780)	Data 0.000 (0.218)	Loss 0.2531 (0.2418)	Prec@1 50.000 (59.722)	Prec@5 75.000 (87.346)
Epoch: [12][100/413], lr: 0.00100	Time 1.703 (1.742)	Data 0.000 (0.175)	Loss 0.2600 (0.2400)	Prec@1 62.500 (59.158)	Prec@5 87.500 (87.252)
Epoch: [12][120/413], lr: 0.00100	Time 1.578 (1.714)	Data 0.000 (0.146)	Loss 0.2625 (0.2417)	Prec@1 37.500 (59.607)	Prec@5 87.500 (87.087)
Epoch: [12][140/413], lr: 0.00100	Time 1.516 (1.695)	Data 0.000 (0.125)	Loss 0.3056 (0.2424)	Prec@1 62.500 (59.309)	Prec@5 87.500 (86.968)
Epoch: [12][160/413], lr: 0.00100	Time 1.719 (1.679)	Data 0.000 (0.110)	Loss 0.2513 (0.2415)	Prec@1 62.500 (59.394)	Prec@5 75.000 (86.801)
Epoch: [12][180/413], lr: 0.00100	Time 1.531 (1.667)	Data 0.000 (0.098)	Loss 0.2912 (0.2411)	Prec@1 25.000 (58.909)	Prec@5 75.000 (86.809)
Epoch: [12][200/413], lr: 0.00100	Time 1.484 (1.658)	Data 0.000 (0.088)	Loss 0.2225 (0.2426)	Prec@1 75.000 (58.520)	Prec@5 75.000 (86.443)
Epoch: [12][220/413], lr: 0.00100	Time 1.500 (1.649)	Data 0.000 (0.080)	Loss 0.1848 (0.2412)	Prec@1 75.000 (58.541)	Prec@5 87.500 (86.425)
Epoch: [12][240/413], lr: 0.00100	Time 1.469 (1.642)	Data 0.000 (0.073)	Loss 0.1967 (0.2424)	Prec@1 62.500 (58.143)	Prec@5 87.500 (86.255)
Epoch: [12][260/413], lr: 0.00100	Time 1.500 (1.636)	Data 0.000 (0.068)	Loss 0.2007 (0.2417)	Prec@1 62.500 (58.477)	Prec@5 75.000 (86.255)
Epoch: [12][280/413], lr: 0.00100	Time 1.594 (1.631)	Data 0.000 (0.063)	Loss 0.2565 (0.2409)	Prec@1 75.000 (58.763)	Prec@5 87.500 (86.610)
Epoch: [12][300/413], lr: 0.00100	Time 1.500 (1.626)	Data 0.000 (0.059)	Loss 0.1982 (0.2409)	Prec@1 75.000 (58.762)	Prec@5 87.500 (86.836)
Epoch: [12][320/413], lr: 0.00100	Time 1.516 (1.621)	Data 0.000 (0.055)	Loss 0.1488 (0.2412)	Prec@1 62.500 (58.684)	Prec@5 100.000 (86.488)
Epoch: [12][340/413], lr: 0.00100	Time 1.500 (1.619)	Data 0.000 (0.052)	Loss 0.2648 (0.2424)	Prec@1 37.500 (58.431)	Prec@5 87.500 (86.510)
Epoch: [12][360/413], lr: 0.00100	Time 1.672 (1.615)	Data 0.000 (0.049)	Loss 0.3019 (0.2429)	Prec@1 25.000 (58.206)	Prec@5 62.500 (86.323)
Epoch: [12][380/413], lr: 0.00100	Time 1.484 (1.611)	Data 0.000 (0.046)	Loss 0.2049 (0.2433)	Prec@1 50.000 (57.940)	Prec@5 87.500 (86.483)
Epoch: [12][400/413], lr: 0.00100	Time 1.547 (1.610)	Data 0.000 (0.044)	Loss 0.2056 (0.2433)	Prec@1 75.000 (58.105)	Prec@5 100.000 (86.471)
Test: [0/473]	Time 16.811 (16.811)	Loss 0.2018 (0.2018)	Prec@1 75.000 (75.000)	Prec@5 100.000 (100.000)
Test: [20/473]	Time 0.156 (0.955)	Loss 0.2418 (0.1975)	Prec@1 50.000 (64.881)	Prec@5 100.000 (98.810)
Test: [40/473]	Time 0.156 (0.567)	Loss 0.0706 (0.1750)	Prec@1 100.000 (73.171)	Prec@5 100.000 (97.561)
Test: [60/473]	Time 0.156 (0.433)	Loss 0.1896 (0.1718)	Prec@1 75.000 (73.566)	Prec@5 100.000 (97.131)
Test: [80/473]	Time 0.156 (0.365)	Loss 0.3340 (0.1766)	Prec@1 12.500 (72.685)	Prec@5 75.000 (95.679)
Test: [100/473]	Time 0.156 (0.325)	Loss 0.3643 (0.1762)	Prec@1 25.000 (73.515)	Prec@5 100.000 (95.297)
Test: [120/473]	Time 0.156 (0.297)	Loss 0.0137 (0.1769)	Prec@1 100.000 (72.727)	Prec@5 100.000 (94.835)
Test: [140/473]	Time 0.156 (0.278)	Loss 0.1847 (0.1693)	Prec@1 100.000 (75.443)	Prec@5 100.000 (95.035)
Test: [160/473]	Time 0.156 (0.263)	Loss 0.2266 (0.1794)	Prec@1 75.000 (72.283)	Prec@5 100.000 (94.488)
Test: [180/473]	Time 0.156 (0.252)	Loss 0.1249 (0.1877)	Prec@1 100.000 (70.925)	Prec@5 100.000 (93.508)
Test: [200/473]	Time 0.156 (0.243)	Loss 0.1267 (0.1925)	Prec@1 100.000 (70.087)	Prec@5 100.000 (92.786)
Test: [220/473]	Time 0.156 (0.235)	Loss 0.1438 (0.1927)	Prec@1 100.000 (70.249)	Prec@5 100.000 (92.873)
Test: [240/473]	Time 0.156 (0.229)	Loss 0.2042 (0.1922)	Prec@1 75.000 (70.384)	Prec@5 100.000 (92.739)
Test: [260/473]	Time 0.156 (0.224)	Loss 0.4514 (0.1956)	Prec@1 12.500 (69.732)	Prec@5 50.000 (92.720)
Test: [280/473]	Time 0.172 (0.219)	Loss 0.1152 (0.1965)	Prec@1 100.000 (69.395)	Prec@5 100.000 (92.304)
Test: [300/473]	Time 0.156 (0.215)	Loss 0.1066 (0.1903)	Prec@1 100.000 (71.013)	Prec@5 100.000 (92.774)
Test: [320/473]	Time 0.156 (0.212)	Loss 0.0709 (0.1903)	Prec@1 100.000 (70.872)	Prec@5 100.000 (92.679)
Test: [340/473]	Time 0.156 (0.209)	Loss 0.1079 (0.1901)	Prec@1 87.500 (71.041)	Prec@5 100.000 (92.559)
Test: [360/473]	Time 0.156 (0.206)	Loss 0.0950 (0.1875)	Prec@1 87.500 (71.918)	Prec@5 100.000 (92.694)
Test: [380/473]	Time 0.172 (0.204)	Loss 0.1990 (0.1905)	Prec@1 62.500 (70.899)	Prec@5 100.000 (92.487)
Test: [400/473]	Time 0.156 (0.202)	Loss 0.3303 (0.1886)	Prec@1 25.000 (71.446)	Prec@5 75.000 (92.488)
Test: [420/473]	Time 0.172 (0.200)	Loss 0.0715 (0.1878)	Prec@1 100.000 (71.526)	Prec@5 100.000 (92.607)
Test: [440/473]	Time 0.172 (0.198)	Loss 0.0783 (0.1864)	Prec@1 100.000 (72.080)	Prec@5 100.000 (92.772)
Test: [460/473]	Time 0.156 (0.196)	Loss 0.1342 (0.1863)	Prec@1 100.000 (71.963)	Prec@5 100.000 (92.652)
Testing Results: Prec@1 71.980 Prec@5 92.598 Loss 0.18667
Best Prec@1: 72.112

Epoch: [13][0/413], lr: 0.00100	Time 18.577 (18.577)	Data 17.046 (17.046)	Loss 0.2128 (0.2128)	Prec@1 87.500 (87.500)	Prec@5 100.000 (100.000)
Epoch: [13][20/413], lr: 0.00100	Time 1.594 (2.300)	Data 0.000 (0.812)	Loss 0.2179 (0.2177)	Prec@1 62.500 (66.667)	Prec@5 87.500 (89.881)
Epoch: [13][40/413], lr: 0.00100	Time 1.531 (1.947)	Data 0.000 (0.416)	Loss 0.2712 (0.2212)	Prec@1 75.000 (65.244)	Prec@5 75.000 (90.244)
Epoch: [13][60/413], lr: 0.00100	Time 1.703 (1.837)	Data 0.000 (0.279)	Loss 0.1739 (0.2214)	Prec@1 87.500 (64.754)	Prec@5 87.500 (90.779)
Epoch: [13][80/413], lr: 0.00100	Time 1.531 (1.769)	Data 0.000 (0.210)	Loss 0.3072 (0.2239)	Prec@1 25.000 (64.198)	Prec@5 75.000 (89.660)
Epoch: [13][100/413], lr: 0.00100	Time 1.500 (1.733)	Data 0.000 (0.169)	Loss 0.2785 (0.2244)	Prec@1 50.000 (64.233)	Prec@5 75.000 (89.480)
Epoch: [13][120/413], lr: 0.00100	Time 1.516 (1.707)	Data 0.000 (0.141)	Loss 0.1874 (0.2236)	Prec@1 75.000 (63.740)	Prec@5 100.000 (89.876)
Epoch: [13][140/413], lr: 0.00100	Time 1.531 (1.686)	Data 0.000 (0.121)	Loss 0.2453 (0.2227)	Prec@1 75.000 (64.184)	Prec@5 75.000 (89.628)
Epoch: [13][160/413], lr: 0.00100	Time 1.547 (1.671)	Data 0.000 (0.106)	Loss 0.2102 (0.2260)	Prec@1 87.500 (63.121)	Prec@5 100.000 (89.208)
Epoch: [13][180/413], lr: 0.00100	Time 1.562 (1.660)	Data 0.000 (0.094)	Loss 0.2409 (0.2273)	Prec@1 37.500 (62.707)	Prec@5 75.000 (88.950)
Epoch: [13][200/413], lr: 0.00100	Time 1.516 (1.648)	Data 0.000 (0.085)	Loss 0.1752 (0.2284)	Prec@1 75.000 (62.376)	Prec@5 100.000 (89.055)
Epoch: [13][220/413], lr: 0.00100	Time 1.516 (1.641)	Data 0.000 (0.077)	Loss 0.2508 (0.2289)	Prec@1 50.000 (61.991)	Prec@5 100.000 (89.027)
Epoch: [13][240/413], lr: 0.00100	Time 1.516 (1.633)	Data 0.000 (0.071)	Loss 0.2061 (0.2275)	Prec@1 50.000 (62.448)	Prec@5 87.500 (89.419)
Epoch: [13][260/413], lr: 0.00100	Time 1.609 (1.629)	Data 0.000 (0.065)	Loss 0.3217 (0.2276)	Prec@1 50.000 (62.692)	Prec@5 75.000 (89.176)
Epoch: [13][280/413], lr: 0.00100	Time 1.516 (1.623)	Data 0.000 (0.061)	Loss 0.2477 (0.2268)	Prec@1 50.000 (62.811)	Prec@5 87.500 (89.368)
Epoch: [13][300/413], lr: 0.00100	Time 1.609 (1.619)	Data 0.000 (0.057)	Loss 0.3351 (0.2265)	Prec@1 50.000 (62.915)	Prec@5 62.500 (89.410)
Epoch: [13][320/413], lr: 0.00100	Time 1.687 (1.616)	Data 0.000 (0.053)	Loss 0.2429 (0.2262)	Prec@1 75.000 (62.889)	Prec@5 87.500 (89.330)
Epoch: [13][340/413], lr: 0.00100	Time 1.500 (1.613)	Data 0.000 (0.050)	Loss 0.2077 (0.2261)	Prec@1 62.500 (62.977)	Prec@5 87.500 (89.150)
Epoch: [13][360/413], lr: 0.00100	Time 1.484 (1.610)	Data 0.000 (0.047)	Loss 0.3364 (0.2270)	Prec@1 50.000 (62.777)	Prec@5 75.000 (88.885)
Epoch: [13][380/413], lr: 0.00100	Time 1.500 (1.609)	Data 0.000 (0.045)	Loss 0.3220 (0.2264)	Prec@1 37.500 (62.795)	Prec@5 75.000 (88.976)
Epoch: [13][400/413], lr: 0.00100	Time 1.516 (1.606)	Data 0.000 (0.043)	Loss 0.2394 (0.2256)	Prec@1 75.000 (63.155)	Prec@5 100.000 (89.059)
Test: [0/473]	Time 17.077 (17.077)	Loss 0.1489 (0.1489)	Prec@1 75.000 (75.000)	Prec@5 100.000 (100.000)
Test: [20/473]	Time 0.156 (0.968)	Loss 0.2231 (0.1567)	Prec@1 12.500 (81.548)	Prec@5 100.000 (98.810)
Test: [40/473]	Time 0.156 (0.574)	Loss 0.1282 (0.1412)	Prec@1 87.500 (84.146)	Prec@5 100.000 (97.866)
Test: [60/473]	Time 0.156 (0.437)	Loss 0.1254 (0.1511)	Prec@1 100.000 (82.992)	Prec@5 100.000 (96.721)
Test: [80/473]	Time 0.172 (0.369)	Loss 0.4413 (0.1611)	Prec@1 0.000 (80.710)	Prec@5 12.500 (94.907)
Test: [100/473]	Time 0.156 (0.327)	Loss 0.2539 (0.1634)	Prec@1 62.500 (79.703)	Prec@5 100.000 (93.564)
Test: [120/473]	Time 0.156 (0.300)	Loss 0.0118 (0.1614)	Prec@1 100.000 (79.339)	Prec@5 100.000 (94.215)
Test: [140/473]	Time 0.156 (0.280)	Loss 0.2484 (0.1531)	Prec@1 75.000 (80.940)	Prec@5 100.000 (94.858)
Test: [160/473]	Time 0.156 (0.265)	Loss 0.2234 (0.1519)	Prec@1 87.500 (81.134)	Prec@5 100.000 (95.186)
Test: [180/473]	Time 0.172 (0.253)	Loss 0.1275 (0.1629)	Prec@1 100.000 (79.420)	Prec@5 100.000 (94.199)
Test: [200/473]	Time 0.156 (0.244)	Loss 0.1019 (0.1707)	Prec@1 100.000 (78.047)	Prec@5 100.000 (93.595)
Test: [220/473]	Time 0.156 (0.236)	Loss 0.1110 (0.1676)	Prec@1 100.000 (78.903)	Prec@5 100.000 (93.891)
Test: [240/473]	Time 0.156 (0.230)	Loss 0.2151 (0.1688)	Prec@1 50.000 (79.098)	Prec@5 100.000 (93.724)
Test: [260/473]	Time 0.172 (0.225)	Loss 0.5150 (0.1706)	Prec@1 25.000 (79.119)	Prec@5 50.000 (93.630)
Test: [280/473]	Time 0.156 (0.221)	Loss 0.1403 (0.1735)	Prec@1 87.500 (78.514)	Prec@5 100.000 (92.927)
Test: [300/473]	Time 0.156 (0.217)	Loss 0.0601 (0.1704)	Prec@1 100.000 (79.236)	Prec@5 100.000 (93.397)
Test: [320/473]	Time 0.172 (0.214)	Loss 0.0420 (0.1698)	Prec@1 100.000 (78.933)	Prec@5 100.000 (93.458)
Test: [340/473]	Time 0.156 (0.211)	Loss 0.1915 (0.1756)	Prec@1 62.500 (77.419)	Prec@5 100.000 (92.705)
Test: [360/473]	Time 0.172 (0.208)	Loss 0.1062 (0.1756)	Prec@1 100.000 (77.424)	Prec@5 100.000 (92.659)
Test: [380/473]	Time 0.156 (0.205)	Loss 0.1281 (0.1784)	Prec@1 75.000 (76.969)	Prec@5 100.000 (92.356)
Test: [400/473]	Time 0.156 (0.203)	Loss 0.1303 (0.1751)	Prec@1 87.500 (77.587)	Prec@5 100.000 (92.488)
Test: [420/473]	Time 0.156 (0.201)	Loss 0.0553 (0.1719)	Prec@1 100.000 (78.207)	Prec@5 100.000 (92.726)
Test: [440/473]	Time 0.156 (0.199)	Loss 0.0962 (0.1733)	Prec@1 100.000 (77.976)	Prec@5 100.000 (92.404)
Test: [460/473]	Time 0.156 (0.197)	Loss 0.1126 (0.1728)	Prec@1 100.000 (77.793)	Prec@5 100.000 (92.570)
Testing Results: Prec@1 78.033 Prec@5 92.704 Loss 0.17142
Best Prec@1: 78.033

Epoch: [14][0/413], lr: 0.00100	Time 18.733 (18.733)	Data 17.171 (17.171)	Loss 0.2120 (0.2120)	Prec@1 62.500 (62.500)	Prec@5 100.000 (100.000)
Epoch: [14][20/413], lr: 0.00100	Time 1.578 (2.333)	Data 0.000 (0.818)	Loss 0.2907 (0.2233)	Prec@1 50.000 (64.286)	Prec@5 87.500 (89.881)
Epoch: [14][40/413], lr: 0.00100	Time 1.687 (1.967)	Data 0.000 (0.419)	Loss 0.2731 (0.2343)	Prec@1 50.000 (64.024)	Prec@5 87.500 (87.805)
Epoch: [14][60/413], lr: 0.00100	Time 1.687 (1.843)	Data 0.000 (0.281)	Loss 0.1833 (0.2307)	Prec@1 75.000 (62.910)	Prec@5 87.500 (88.525)
Epoch: [14][80/413], lr: 0.00100	Time 1.656 (1.777)	Data 0.000 (0.212)	Loss 0.3008 (0.2210)	Prec@1 25.000 (64.198)	Prec@5 62.500 (89.352)
Epoch: [14][100/413], lr: 0.00100	Time 1.547 (1.739)	Data 0.000 (0.170)	Loss 0.2594 (0.2262)	Prec@1 37.500 (62.005)	Prec@5 100.000 (88.985)
Epoch: [14][120/413], lr: 0.00100	Time 1.547 (1.707)	Data 0.000 (0.142)	Loss 0.2062 (0.2246)	Prec@1 75.000 (62.603)	Prec@5 87.500 (88.946)
Epoch: [14][140/413], lr: 0.00100	Time 1.484 (1.689)	Data 0.000 (0.122)	Loss 0.1346 (0.2187)	Prec@1 87.500 (64.450)	Prec@5 100.000 (89.450)
Epoch: [14][160/413], lr: 0.00100	Time 1.516 (1.673)	Data 0.000 (0.107)	Loss 0.3099 (0.2196)	Prec@1 25.000 (63.898)	Prec@5 75.000 (89.363)
Epoch: [14][180/413], lr: 0.00100	Time 1.516 (1.661)	Data 0.000 (0.095)	Loss 0.0839 (0.2184)	Prec@1 100.000 (63.881)	Prec@5 100.000 (89.296)
Epoch: [14][200/413], lr: 0.00100	Time 1.484 (1.651)	Data 0.000 (0.086)	Loss 0.2435 (0.2196)	Prec@1 62.500 (63.682)	Prec@5 75.000 (89.055)
Epoch: [14][220/413], lr: 0.00100	Time 1.609 (1.645)	Data 0.000 (0.078)	Loss 0.1550 (0.2190)	Prec@1 75.000 (63.914)	Prec@5 100.000 (89.027)
Epoch: [14][240/413], lr: 0.00100	Time 1.531 (1.638)	Data 0.000 (0.071)	Loss 0.3319 (0.2193)	Prec@1 50.000 (64.263)	Prec@5 75.000 (89.108)
Epoch: [14][260/413], lr: 0.00100	Time 1.609 (1.633)	Data 0.000 (0.066)	Loss 0.1418 (0.2185)	Prec@1 100.000 (64.320)	Prec@5 100.000 (89.128)
Epoch: [14][280/413], lr: 0.00100	Time 1.547 (1.627)	Data 0.000 (0.061)	Loss 0.3174 (0.2198)	Prec@1 25.000 (64.146)	Prec@5 87.500 (88.879)
Epoch: [14][300/413], lr: 0.00100	Time 1.703 (1.624)	Data 0.016 (0.057)	Loss 0.1711 (0.2207)	Prec@1 87.500 (63.912)	Prec@5 100.000 (88.912)
Epoch: [14][320/413], lr: 0.00100	Time 1.703 (1.621)	Data 0.000 (0.054)	Loss 0.2607 (0.2204)	Prec@1 62.500 (64.058)	Prec@5 100.000 (89.097)
Epoch: [14][340/413], lr: 0.00100	Time 1.687 (1.618)	Data 0.000 (0.051)	Loss 0.2732 (0.2210)	Prec@1 75.000 (64.296)	Prec@5 75.000 (88.966)
Epoch: [14][360/413], lr: 0.00100	Time 1.500 (1.615)	Data 0.000 (0.048)	Loss 0.2229 (0.2204)	Prec@1 50.000 (64.370)	Prec@5 87.500 (88.989)
Epoch: [14][380/413], lr: 0.00100	Time 1.531 (1.612)	Data 0.000 (0.045)	Loss 0.2310 (0.2205)	Prec@1 50.000 (64.206)	Prec@5 100.000 (88.976)
Epoch: [14][400/413], lr: 0.00100	Time 1.484 (1.609)	Data 0.000 (0.043)	Loss 0.1985 (0.2202)	Prec@1 75.000 (64.246)	Prec@5 87.500 (88.903)
Test: [0/473]	Time 16.468 (16.468)	Loss 0.2929 (0.2929)	Prec@1 50.000 (50.000)	Prec@5 75.000 (75.000)
Test: [20/473]	Time 0.156 (0.940)	Loss 0.1832 (0.2212)	Prec@1 50.000 (67.857)	Prec@5 100.000 (92.262)
Test: [40/473]	Time 0.156 (0.561)	Loss 0.1120 (0.1563)	Prec@1 75.000 (79.573)	Prec@5 100.000 (95.427)
Test: [60/473]	Time 0.156 (0.429)	Loss 0.2053 (0.1529)	Prec@1 75.000 (78.893)	Prec@5 100.000 (95.492)
Test: [80/473]	Time 0.156 (0.362)	Loss 0.1381 (0.1602)	Prec@1 100.000 (77.315)	Prec@5 100.000 (94.753)
Test: [100/473]	Time 0.156 (0.322)	Loss 0.2532 (0.1594)	Prec@1 62.500 (78.713)	Prec@5 100.000 (94.431)
Test: [120/473]	Time 0.156 (0.295)	Loss 0.0147 (0.1584)	Prec@1 100.000 (78.822)	Prec@5 100.000 (94.731)
Test: [140/473]	Time 0.156 (0.276)	Loss 0.1529 (0.1483)	Prec@1 100.000 (81.383)	Prec@5 100.000 (95.301)
Test: [160/473]	Time 0.156 (0.262)	Loss 0.1613 (0.1602)	Prec@1 100.000 (79.115)	Prec@5 100.000 (94.099)
Test: [180/473]	Time 0.172 (0.251)	Loss 0.1563 (0.1659)	Prec@1 100.000 (78.177)	Prec@5 100.000 (93.715)
Test: [200/473]	Time 0.156 (0.242)	Loss 0.0643 (0.1652)	Prec@1 100.000 (78.483)	Prec@5 100.000 (94.030)
Test: [220/473]	Time 0.156 (0.234)	Loss 0.1297 (0.1636)	Prec@1 100.000 (79.129)	Prec@5 100.000 (94.231)
Test: [240/473]	Time 0.172 (0.228)	Loss 0.1225 (0.1651)	Prec@1 100.000 (78.786)	Prec@5 100.000 (93.880)
Test: [260/473]	Time 0.172 (0.223)	Loss 0.5907 (0.1662)	Prec@1 0.000 (78.496)	Prec@5 37.500 (94.109)
Test: [280/473]	Time 0.156 (0.219)	Loss 0.1383 (0.1672)	Prec@1 100.000 (78.158)	Prec@5 100.000 (94.039)
Test: [300/473]	Time 0.156 (0.215)	Loss 0.0592 (0.1642)	Prec@1 100.000 (79.070)	Prec@5 100.000 (94.435)
Test: [320/473]	Time 0.156 (0.211)	Loss 0.0881 (0.1669)	Prec@1 100.000 (78.738)	Prec@5 100.000 (94.081)
Test: [340/473]	Time 0.156 (0.209)	Loss 0.2063 (0.1701)	Prec@1 75.000 (78.043)	Prec@5 100.000 (93.842)
Test: [360/473]	Time 0.172 (0.206)	Loss 0.0877 (0.1690)	Prec@1 100.000 (78.393)	Prec@5 100.000 (93.940)
Test: [380/473]	Time 0.156 (0.204)	Loss 0.2151 (0.1688)	Prec@1 75.000 (78.346)	Prec@5 100.000 (93.930)
Test: [400/473]	Time 0.156 (0.201)	Loss 0.1968 (0.1667)	Prec@1 50.000 (78.678)	Prec@5 100.000 (94.015)
Test: [420/473]	Time 0.172 (0.200)	Loss 0.1603 (0.1648)	Prec@1 50.000 (79.068)	Prec@5 100.000 (94.240)
Test: [440/473]	Time 0.156 (0.198)	Loss 0.1056 (0.1634)	Prec@1 100.000 (79.280)	Prec@5 100.000 (94.331)
Test: [460/473]	Time 0.156 (0.196)	Loss 0.0848 (0.1655)	Prec@1 100.000 (78.796)	Prec@5 100.000 (94.225)
Testing Results: Prec@1 78.879 Prec@5 94.132 Loss 0.16509
Best Prec@1: 78.879

Epoch: [15][0/413], lr: 0.00010	Time 18.811 (18.811)	Data 17.264 (17.264)	Loss 0.1705 (0.1705)	Prec@1 75.000 (75.000)	Prec@5 87.500 (87.500)
Epoch: [15][20/413], lr: 0.00010	Time 1.672 (2.331)	Data 0.000 (0.822)	Loss 0.1580 (0.2238)	Prec@1 100.000 (65.476)	Prec@5 100.000 (88.095)
Epoch: [15][40/413], lr: 0.00010	Time 1.703 (1.969)	Data 0.000 (0.421)	Loss 0.2035 (0.2024)	Prec@1 50.000 (67.073)	Prec@5 75.000 (91.768)
Epoch: [15][60/413], lr: 0.00010	Time 1.516 (1.842)	Data 0.000 (0.283)	Loss 0.1953 (0.1927)	Prec@1 62.500 (69.672)	Prec@5 100.000 (92.213)
Epoch: [15][80/413], lr: 0.00010	Time 1.703 (1.770)	Data 0.000 (0.213)	Loss 0.1679 (0.1901)	Prec@1 87.500 (70.525)	Prec@5 100.000 (92.438)
Epoch: [15][100/413], lr: 0.00010	Time 1.578 (1.729)	Data 0.000 (0.171)	Loss 0.1838 (0.1858)	Prec@1 75.000 (72.277)	Prec@5 87.500 (93.069)
Epoch: [15][120/413], lr: 0.00010	Time 1.500 (1.702)	Data 0.000 (0.143)	Loss 0.1499 (0.1824)	Prec@1 87.500 (73.347)	Prec@5 100.000 (93.595)
Epoch: [15][140/413], lr: 0.00010	Time 1.672 (1.682)	Data 0.000 (0.122)	Loss 0.0844 (0.1828)	Prec@1 100.000 (73.582)	Prec@5 100.000 (93.262)
Epoch: [15][160/413], lr: 0.00010	Time 1.500 (1.667)	Data 0.000 (0.107)	Loss 0.1156 (0.1798)	Prec@1 87.500 (74.379)	Prec@5 100.000 (93.478)
Epoch: [15][180/413], lr: 0.00010	Time 1.500 (1.654)	Data 0.000 (0.095)	Loss 0.1540 (0.1784)	Prec@1 87.500 (74.862)	Prec@5 87.500 (93.715)
Epoch: [15][200/413], lr: 0.00010	Time 1.484 (1.644)	Data 0.000 (0.086)	Loss 0.1504 (0.1773)	Prec@1 100.000 (75.249)	Prec@5 100.000 (93.719)
Epoch: [15][220/413], lr: 0.00010	Time 1.703 (1.638)	Data 0.000 (0.078)	Loss 0.2174 (0.1755)	Prec@1 75.000 (75.905)	Prec@5 87.500 (94.005)
Epoch: [15][240/413], lr: 0.00010	Time 1.484 (1.631)	Data 0.000 (0.072)	Loss 0.1428 (0.1735)	Prec@1 75.000 (76.400)	Prec@5 100.000 (93.983)
Epoch: [15][260/413], lr: 0.00010	Time 1.484 (1.625)	Data 0.000 (0.066)	Loss 0.2217 (0.1722)	Prec@1 62.500 (76.580)	Prec@5 87.500 (94.013)
Epoch: [15][280/413], lr: 0.00010	Time 1.484 (1.621)	Data 0.000 (0.062)	Loss 0.1624 (0.1717)	Prec@1 100.000 (76.601)	Prec@5 100.000 (93.950)
Epoch: [15][300/413], lr: 0.00010	Time 1.594 (1.617)	Data 0.000 (0.058)	Loss 0.1554 (0.1703)	Prec@1 75.000 (76.703)	Prec@5 100.000 (94.186)
Epoch: [15][320/413], lr: 0.00010	Time 1.594 (1.613)	Data 0.000 (0.054)	Loss 0.1273 (0.1703)	Prec@1 75.000 (76.558)	Prec@5 100.000 (94.276)
Epoch: [15][340/413], lr: 0.00010	Time 1.500 (1.611)	Data 0.000 (0.051)	Loss 0.2629 (0.1694)	Prec@1 50.000 (76.613)	Prec@5 87.500 (94.465)
Epoch: [15][360/413], lr: 0.00010	Time 1.500 (1.607)	Data 0.000 (0.048)	Loss 0.2045 (0.1691)	Prec@1 75.000 (76.870)	Prec@5 87.500 (94.425)
Epoch: [15][380/413], lr: 0.00010	Time 1.562 (1.605)	Data 0.000 (0.046)	Loss 0.2077 (0.1694)	Prec@1 75.000 (76.969)	Prec@5 87.500 (94.259)
Epoch: [15][400/413], lr: 0.00010	Time 1.547 (1.603)	Data 0.000 (0.043)	Loss 0.2704 (0.1693)	Prec@1 62.500 (76.901)	Prec@5 75.000 (94.327)
Test: [0/473]	Time 16.608 (16.608)	Loss 0.1525 (0.1525)	Prec@1 75.000 (75.000)	Prec@5 100.000 (100.000)
Test: [20/473]	Time 0.172 (0.944)	Loss 0.2609 (0.1353)	Prec@1 25.000 (82.738)	Prec@5 100.000 (99.405)
Test: [40/473]	Time 0.156 (0.561)	Loss 0.0232 (0.1080)	Prec@1 100.000 (86.890)	Prec@5 100.000 (98.171)
Test: [60/473]	Time 0.156 (0.429)	Loss 0.1173 (0.1081)	Prec@1 100.000 (87.090)	Prec@5 100.000 (97.746)
Test: [80/473]	Time 0.156 (0.362)	Loss 0.1368 (0.1133)	Prec@1 87.500 (86.883)	Prec@5 100.000 (97.222)
Test: [100/473]	Time 0.156 (0.322)	Loss 0.2205 (0.1148)	Prec@1 87.500 (86.757)	Prec@5 100.000 (97.030)
Test: [120/473]	Time 0.156 (0.295)	Loss 0.0069 (0.1130)	Prec@1 100.000 (87.707)	Prec@5 100.000 (97.107)
Test: [140/473]	Time 0.156 (0.276)	Loss 0.1030 (0.1078)	Prec@1 100.000 (88.830)	Prec@5 100.000 (97.340)
Test: [160/473]	Time 0.156 (0.261)	Loss 0.1506 (0.1073)	Prec@1 100.000 (88.665)	Prec@5 100.000 (97.283)
Test: [180/473]	Time 0.156 (0.250)	Loss 0.1028 (0.1153)	Prec@1 100.000 (88.052)	Prec@5 100.000 (96.478)
Test: [200/473]	Time 0.156 (0.241)	Loss 0.0834 (0.1164)	Prec@1 100.000 (88.371)	Prec@5 100.000 (96.580)
Test: [220/473]	Time 0.172 (0.234)	Loss 0.0718 (0.1158)	Prec@1 100.000 (88.744)	Prec@5 100.000 (96.550)
Test: [240/473]	Time 0.156 (0.228)	Loss 0.1299 (0.1177)	Prec@1 87.500 (88.434)	Prec@5 100.000 (96.266)
Test: [260/473]	Time 0.156 (0.223)	Loss 0.5655 (0.1213)	Prec@1 25.000 (88.218)	Prec@5 50.000 (96.121)
Test: [280/473]	Time 0.172 (0.218)	Loss 0.1230 (0.1229)	Prec@1 100.000 (87.500)	Prec@5 100.000 (96.130)
Test: [300/473]	Time 0.156 (0.215)	Loss 0.0217 (0.1197)	Prec@1 100.000 (88.289)	Prec@5 100.000 (96.387)
Test: [320/473]	Time 0.156 (0.211)	Loss 0.0536 (0.1214)	Prec@1 100.000 (88.123)	Prec@5 100.000 (96.106)
Test: [340/473]	Time 0.172 (0.209)	Loss 0.1792 (0.1233)	Prec@1 75.000 (87.757)	Prec@5 100.000 (96.151)
Test: [360/473]	Time 0.156 (0.206)	Loss 0.0317 (0.1231)	Prec@1 100.000 (87.812)	Prec@5 100.000 (96.122)
Test: [380/473]	Time 0.156 (0.204)	Loss 0.1429 (0.1243)	Prec@1 87.500 (87.566)	Prec@5 100.000 (96.194)
Test: [400/473]	Time 0.172 (0.201)	Loss 0.2014 (0.1235)	Prec@1 62.500 (87.625)	Prec@5 100.000 (96.166)
Test: [420/473]	Time 0.156 (0.200)	Loss 0.0623 (0.1219)	Prec@1 100.000 (87.916)	Prec@5 100.000 (96.289)
Test: [440/473]	Time 0.156 (0.198)	Loss 0.0587 (0.1209)	Prec@1 100.000 (88.124)	Prec@5 100.000 (96.315)
Test: [460/473]	Time 0.156 (0.196)	Loss 0.0686 (0.1219)	Prec@1 100.000 (87.907)	Prec@5 100.000 (96.285)
Testing Results: Prec@1 88.105 Prec@5 96.326 Loss 0.12136
Best Prec@1: 88.105

Epoch: [16][0/413], lr: 0.00010	Time 19.296 (19.296)	Data 17.749 (17.749)	Loss 0.1008 (0.1008)	Prec@1 100.000 (100.000)	Prec@5 100.000 (100.000)
Epoch: [16][20/413], lr: 0.00010	Time 1.516 (2.352)	Data 0.000 (0.845)	Loss 0.1447 (0.1605)	Prec@1 75.000 (79.167)	Prec@5 100.000 (94.643)
